group_id,beruf_id,beruf,bl,bundesland,year,ads,censored_lt20
282,1306,BankangestellteR im Zahlungsverkehr,AT,Österreich,2020,100.0,False
282,1306,BankangestellteR im Zahlungsverkehr,AT,Österreich,2021,156.0,False
282,1306,BankangestellteR im Zahlungsverkehr,AT,Österreich,2022,216.0,False
282,1306,BankangestellteR im Zahlungsverkehr,AT,Österreich,2023,191.0,False
282,1306,BankangestellteR im Zahlungsverkehr,AT,Österreich,2024,126.0,False
282,1306,BankangestellteR im Zahlungsverkehr,AT,Österreich,2025,137.0,False
282,1306,BankangestellteR im Zahlungsverkehr,AT11,Burgenland,2020,,True
282,1306,BankangestellteR im Zahlungsverkehr,AT11,Burgenland,2021,,True
282,1306,BankangestellteR im Zahlungsverkehr,AT11,Burgenland,2022,,True
282,1306,BankangestellteR im Zahlungsverkehr,AT11,Burgenland,2023,,True
282,1306,BankangestellteR im Zahlungsverkehr,AT11,Burgenland,2024,,True
282,1306,BankangestellteR im Zahlungsverkehr,AT11,Burgenland,2025,,True
282,1306,BankangestellteR im Zahlungsverkehr,AT12,Niederösterreich,2020,,True
282,1306,BankangestellteR im Zahlungsverkehr,AT12,Niederösterreich,2021,22.0,False
282,1306,BankangestellteR im Zahlungsverkehr,AT12,Niederösterreich,2022,25.0,False
282,1306,BankangestellteR im Zahlungsverkehr,AT12,Niederösterreich,2023,21.0,False
282,1306,BankangestellteR im Zahlungsverkehr,AT12,Niederösterreich,2024,,True
282,1306,BankangestellteR im Zahlungsverkehr,AT12,Niederösterreich,2025,,True
282,1306,BankangestellteR im Zahlungsverkehr,AT13,Wien,2020,,True
282,1306,BankangestellteR im Zahlungsverkehr,AT13,Wien,2021,35.0,False
282,1306,BankangestellteR im Zahlungsverkehr,AT13,Wien,2022,56.0,False
282,1306,BankangestellteR im Zahlungsverkehr,AT13,Wien,2023,47.0,False
282,1306,BankangestellteR im Zahlungsverkehr,AT13,Wien,2024,37.0,False
282,1306,BankangestellteR im Zahlungsverkehr,AT13,Wien,2025,32.0,False
282,1306,BankangestellteR im Zahlungsverkehr,AT21,Kärnten,2020,,True
282,1306,BankangestellteR im Zahlungsverkehr,AT21,Kärnten,2021,,True
282,1306,BankangestellteR im Zahlungsverkehr,AT21,Kärnten,2022,,True
282,1306,BankangestellteR im Zahlungsverkehr,AT21,Kärnten,2023,,True
282,1306,BankangestellteR im Zahlungsverkehr,AT21,Kärnten,2024,,True
282,1306,BankangestellteR im Zahlungsverkehr,AT21,Kärnten,2025,,True
282,1306,BankangestellteR im Zahlungsverkehr,AT22,Steiermark,2020,,True
282,1306,BankangestellteR im Zahlungsverkehr,AT22,Steiermark,2021,,True
282,1306,BankangestellteR im Zahlungsverkehr,AT22,Steiermark,2022,20.0,False
282,1306,BankangestellteR im Zahlungsverkehr,AT22,Steiermark,2023,,True
282,1306,BankangestellteR im Zahlungsverkehr,AT22,Steiermark,2024,,True
282,1306,BankangestellteR im Zahlungsverkehr,AT22,Steiermark,2025,,True
282,1306,BankangestellteR im Zahlungsverkehr,AT31,Oberösterreich,2020,,True
282,1306,BankangestellteR im Zahlungsverkehr,AT31,Oberösterreich,2021,,True
282,1306,BankangestellteR im Zahlungsverkehr,AT31,Oberösterreich,2022,,True
282,1306,BankangestellteR im Zahlungsverkehr,AT31,Oberösterreich,2023,,True
282,1306,BankangestellteR im Zahlungsverkehr,AT31,Oberösterreich,2024,,True
282,1306,BankangestellteR im Zahlungsverkehr,AT31,Oberösterreich,2025,,True
282,1306,BankangestellteR im Zahlungsverkehr,AT32,Salzburg,2020,,True
282,1306,BankangestellteR im Zahlungsverkehr,AT32,Salzburg,2021,36.0,False
282,1306,BankangestellteR im Zahlungsverkehr,AT32,Salzburg,2022,50.0,False
282,1306,BankangestellteR im Zahlungsverkehr,AT32,Salzburg,2023,58.0,False
282,1306,BankangestellteR im Zahlungsverkehr,AT32,Salzburg,2024,41.0,False
282,1306,BankangestellteR im Zahlungsverkehr,AT32,Salzburg,2025,41.0,False
282,1306,BankangestellteR im Zahlungsverkehr,AT33,Tirol,2020,,True
282,1306,BankangestellteR im Zahlungsverkehr,AT33,Tirol,2021,,True
282,1306,BankangestellteR im Zahlungsverkehr,AT33,Tirol,2022,,True
282,1306,BankangestellteR im Zahlungsverkehr,AT33,Tirol,2023,,True
282,1306,BankangestellteR im Zahlungsverkehr,AT33,Tirol,2024,,True
282,1306,BankangestellteR im Zahlungsverkehr,AT33,Tirol,2025,,True
282,1306,BankangestellteR im Zahlungsverkehr,AT34,Vorarlberg,2020,,True
282,1306,BankangestellteR im Zahlungsverkehr,AT34,Vorarlberg,2021,,True
282,1306,BankangestellteR im Zahlungsverkehr,AT34,Vorarlberg,2022,,True
282,1306,BankangestellteR im Zahlungsverkehr,AT34,Vorarlberg,2023,,True
282,1306,BankangestellteR im Zahlungsverkehr,AT34,Vorarlberg,2024,,True
282,1306,BankangestellteR im Zahlungsverkehr,AT34,Vorarlberg,2025,,True
282,245,Bankkaufmann/-frau,AT,Österreich,2020,1965.0,False
282,245,Bankkaufmann/-frau,AT,Österreich,2021,2186.0,False
282,245,Bankkaufmann/-frau,AT,Österreich,2022,3062.0,False
282,245,Bankkaufmann/-frau,AT,Österreich,2023,3088.0,False
282,245,Bankkaufmann/-frau,AT,Österreich,2024,1850.0,False
282,245,Bankkaufmann/-frau,AT,Österreich,2025,1261.0,False
282,245,Bankkaufmann/-frau,AT11,Burgenland,2020,33.0,False
282,245,Bankkaufmann/-frau,AT11,Burgenland,2021,49.0,False
282,245,Bankkaufmann/-frau,AT11,Burgenland,2022,60.0,False
282,245,Bankkaufmann/-frau,AT11,Burgenland,2023,45.0,False
282,245,Bankkaufmann/-frau,AT11,Burgenland,2024,26.0,False
282,245,Bankkaufmann/-frau,AT11,Burgenland,2025,,True
282,245,Bankkaufmann/-frau,AT12,Niederösterreich,2020,139.0,False
282,245,Bankkaufmann/-frau,AT12,Niederösterreich,2021,256.0,False
282,245,Bankkaufmann/-frau,AT12,Niederösterreich,2022,409.0,False
282,245,Bankkaufmann/-frau,AT12,Niederösterreich,2023,351.0,False
282,245,Bankkaufmann/-frau,AT12,Niederösterreich,2024,202.0,False
282,245,Bankkaufmann/-frau,AT12,Niederösterreich,2025,114.0,False
282,245,Bankkaufmann/-frau,AT13,Wien,2020,270.0,False
282,245,Bankkaufmann/-frau,AT13,Wien,2021,389.0,False
282,245,Bankkaufmann/-frau,AT13,Wien,2022,580.0,False
282,245,Bankkaufmann/-frau,AT13,Wien,2023,605.0,False
282,245,Bankkaufmann/-frau,AT13,Wien,2024,416.0,False
282,245,Bankkaufmann/-frau,AT13,Wien,2025,317.0,False
282,245,Bankkaufmann/-frau,AT21,Kärnten,2020,60.0,False
282,245,Bankkaufmann/-frau,AT21,Kärnten,2021,92.0,False
282,245,Bankkaufmann/-frau,AT21,Kärnten,2022,137.0,False
282,245,Bankkaufmann/-frau,AT21,Kärnten,2023,157.0,False
282,245,Bankkaufmann/-frau,AT21,Kärnten,2024,62.0,False
282,245,Bankkaufmann/-frau,AT21,Kärnten,2025,41.0,False
282,245,Bankkaufmann/-frau,AT22,Steiermark,2020,157.0,False
282,245,Bankkaufmann/-frau,AT22,Steiermark,2021,142.0,False
282,245,Bankkaufmann/-frau,AT22,Steiermark,2022,253.0,False
282,245,Bankkaufmann/-frau,AT22,Steiermark,2023,248.0,False
282,245,Bankkaufmann/-frau,AT22,Steiermark,2024,152.0,False
282,245,Bankkaufmann/-frau,AT22,Steiermark,2025,136.0,False
282,245,Bankkaufmann/-frau,AT31,Oberösterreich,2020,295.0,False
282,245,Bankkaufmann/-frau,AT31,Oberösterreich,2021,443.0,False
282,245,Bankkaufmann/-frau,AT31,Oberösterreich,2022,779.0,False
282,245,Bankkaufmann/-frau,AT31,Oberösterreich,2023,810.0,False
282,245,Bankkaufmann/-frau,AT31,Oberösterreich,2024,456.0,False
282,245,Bankkaufmann/-frau,AT31,Oberösterreich,2025,297.0,False
282,245,Bankkaufmann/-frau,AT32,Salzburg,2020,134.0,False
282,245,Bankkaufmann/-frau,AT32,Salzburg,2021,173.0,False
282,245,Bankkaufmann/-frau,AT32,Salzburg,2022,281.0,False
282,245,Bankkaufmann/-frau,AT32,Salzburg,2023,338.0,False
282,245,Bankkaufmann/-frau,AT32,Salzburg,2024,216.0,False
282,245,Bankkaufmann/-frau,AT32,Salzburg,2025,126.0,False
282,245,Bankkaufmann/-frau,AT33,Tirol,2020,103.0,False
282,245,Bankkaufmann/-frau,AT33,Tirol,2021,101.0,False
282,245,Bankkaufmann/-frau,AT33,Tirol,2022,178.0,False
282,245,Bankkaufmann/-frau,AT33,Tirol,2023,200.0,False
282,245,Bankkaufmann/-frau,AT33,Tirol,2024,101.0,False
282,245,Bankkaufmann/-frau,AT33,Tirol,2025,66.0,False
282,245,Bankkaufmann/-frau,AT34,Vorarlberg,2020,132.0,False
282,245,Bankkaufmann/-frau,AT34,Vorarlberg,2021,141.0,False
282,245,Bankkaufmann/-frau,AT34,Vorarlberg,2022,188.0,False
282,245,Bankkaufmann/-frau,AT34,Vorarlberg,2023,218.0,False
282,245,Bankkaufmann/-frau,AT34,Vorarlberg,2024,127.0,False
282,245,Bankkaufmann/-frau,AT34,Vorarlberg,2025,71.0,False
282,1189,Finanz- und AnlageberaterIn,AT,Österreich,2020,1535.0,False
282,1189,Finanz- und AnlageberaterIn,AT,Österreich,2021,1701.0,False
282,1189,Finanz- und AnlageberaterIn,AT,Österreich,2022,1978.0,False
282,1189,Finanz- und AnlageberaterIn,AT,Österreich,2023,1657.0,False
282,1189,Finanz- und AnlageberaterIn,AT,Österreich,2024,2220.0,False
282,1189,Finanz- und AnlageberaterIn,AT,Österreich,2025,2239.0,False
282,1189,Finanz- und AnlageberaterIn,AT11,Burgenland,2020,,True
282,1189,Finanz- und AnlageberaterIn,AT11,Burgenland,2021,30.0,False
282,1189,Finanz- und AnlageberaterIn,AT11,Burgenland,2022,29.0,False
282,1189,Finanz- und AnlageberaterIn,AT11,Burgenland,2023,,True
282,1189,Finanz- und AnlageberaterIn,AT11,Burgenland,2024,41.0,False
282,1189,Finanz- und AnlageberaterIn,AT11,Burgenland,2025,40.0,False
282,1189,Finanz- und AnlageberaterIn,AT12,Niederösterreich,2020,120.0,False
282,1189,Finanz- und AnlageberaterIn,AT12,Niederösterreich,2021,164.0,False
282,1189,Finanz- und AnlageberaterIn,AT12,Niederösterreich,2022,202.0,False
282,1189,Finanz- und AnlageberaterIn,AT12,Niederösterreich,2023,103.0,False
282,1189,Finanz- und AnlageberaterIn,AT12,Niederösterreich,2024,236.0,False
282,1189,Finanz- und AnlageberaterIn,AT12,Niederösterreich,2025,272.0,False
282,1189,Finanz- und AnlageberaterIn,AT13,Wien,2020,321.0,False
282,1189,Finanz- und AnlageberaterIn,AT13,Wien,2021,496.0,False
282,1189,Finanz- und AnlageberaterIn,AT13,Wien,2022,698.0,False
282,1189,Finanz- und AnlageberaterIn,AT13,Wien,2023,703.0,False
282,1189,Finanz- und AnlageberaterIn,AT13,Wien,2024,635.0,False
282,1189,Finanz- und AnlageberaterIn,AT13,Wien,2025,532.0,False
282,1189,Finanz- und AnlageberaterIn,AT21,Kärnten,2020,47.0,False
282,1189,Finanz- und AnlageberaterIn,AT21,Kärnten,2021,68.0,False
282,1189,Finanz- und AnlageberaterIn,AT21,Kärnten,2022,105.0,False
282,1189,Finanz- und AnlageberaterIn,AT21,Kärnten,2023,56.0,False
282,1189,Finanz- und AnlageberaterIn,AT21,Kärnten,2024,75.0,False
282,1189,Finanz- und AnlageberaterIn,AT21,Kärnten,2025,139.0,False
282,1189,Finanz- und AnlageberaterIn,AT22,Steiermark,2020,81.0,False
282,1189,Finanz- und AnlageberaterIn,AT22,Steiermark,2021,105.0,False
282,1189,Finanz- und AnlageberaterIn,AT22,Steiermark,2022,130.0,False
282,1189,Finanz- und AnlageberaterIn,AT22,Steiermark,2023,80.0,False
282,1189,Finanz- und AnlageberaterIn,AT22,Steiermark,2024,139.0,False
282,1189,Finanz- und AnlageberaterIn,AT22,Steiermark,2025,174.0,False
282,1189,Finanz- und AnlageberaterIn,AT31,Oberösterreich,2020,162.0,False
282,1189,Finanz- und AnlageberaterIn,AT31,Oberösterreich,2021,224.0,False
282,1189,Finanz- und AnlageberaterIn,AT31,Oberösterreich,2022,342.0,False
282,1189,Finanz- und AnlageberaterIn,AT31,Oberösterreich,2023,301.0,False
282,1189,Finanz- und AnlageberaterIn,AT31,Oberösterreich,2024,501.0,False
282,1189,Finanz- und AnlageberaterIn,AT31,Oberösterreich,2025,471.0,False
282,1189,Finanz- und AnlageberaterIn,AT32,Salzburg,2020,92.0,False
282,1189,Finanz- und AnlageberaterIn,AT32,Salzburg,2021,98.0,False
282,1189,Finanz- und AnlageberaterIn,AT32,Salzburg,2022,118.0,False
282,1189,Finanz- und AnlageberaterIn,AT32,Salzburg,2023,117.0,False
282,1189,Finanz- und AnlageberaterIn,AT32,Salzburg,2024,170.0,False
282,1189,Finanz- und AnlageberaterIn,AT32,Salzburg,2025,194.0,False
282,1189,Finanz- und AnlageberaterIn,AT33,Tirol,2020,68.0,False
282,1189,Finanz- und AnlageberaterIn,AT33,Tirol,2021,89.0,False
282,1189,Finanz- und AnlageberaterIn,AT33,Tirol,2022,93.0,False
282,1189,Finanz- und AnlageberaterIn,AT33,Tirol,2023,71.0,False
282,1189,Finanz- und AnlageberaterIn,AT33,Tirol,2024,128.0,False
282,1189,Finanz- und AnlageberaterIn,AT33,Tirol,2025,174.0,False
282,1189,Finanz- und AnlageberaterIn,AT34,Vorarlberg,2020,34.0,False
282,1189,Finanz- und AnlageberaterIn,AT34,Vorarlberg,2021,76.0,False
282,1189,Finanz- und AnlageberaterIn,AT34,Vorarlberg,2022,98.0,False
282,1189,Finanz- und AnlageberaterIn,AT34,Vorarlberg,2023,85.0,False
282,1189,Finanz- und AnlageberaterIn,AT34,Vorarlberg,2024,139.0,False
282,1189,Finanz- und AnlageberaterIn,AT34,Vorarlberg,2025,124.0,False
282,1302,MitarbeiterIn im Handels- und Kapitalmarktgeschäft,AT,Österreich,2020,834.0,False
282,1302,MitarbeiterIn im Handels- und Kapitalmarktgeschäft,AT,Österreich,2021,1179.0,False
282,1302,MitarbeiterIn im Handels- und Kapitalmarktgeschäft,AT,Österreich,2022,1778.0,False
282,1302,MitarbeiterIn im Handels- und Kapitalmarktgeschäft,AT,Österreich,2023,822.0,False
282,1302,MitarbeiterIn im Handels- und Kapitalmarktgeschäft,AT,Österreich,2024,372.0,False
282,1302,MitarbeiterIn im Handels- und Kapitalmarktgeschäft,AT,Österreich,2025,446.0,False
282,1302,MitarbeiterIn im Handels- und Kapitalmarktgeschäft,AT11,Burgenland,2020,,True
282,1302,MitarbeiterIn im Handels- und Kapitalmarktgeschäft,AT11,Burgenland,2021,,True
282,1302,MitarbeiterIn im Handels- und Kapitalmarktgeschäft,AT11,Burgenland,2022,,True
282,1302,MitarbeiterIn im Handels- und Kapitalmarktgeschäft,AT11,Burgenland,2023,,True
282,1302,MitarbeiterIn im Handels- und Kapitalmarktgeschäft,AT11,Burgenland,2024,,True
282,1302,MitarbeiterIn im Handels- und Kapitalmarktgeschäft,AT11,Burgenland,2025,,True
282,1302,MitarbeiterIn im Handels- und Kapitalmarktgeschäft,AT12,Niederösterreich,2020,94.0,False
282,1302,MitarbeiterIn im Handels- und Kapitalmarktgeschäft,AT12,Niederösterreich,2021,98.0,False
282,1302,MitarbeiterIn im Handels- und Kapitalmarktgeschäft,AT12,Niederösterreich,2022,232.0,False
282,1302,MitarbeiterIn im Handels- und Kapitalmarktgeschäft,AT12,Niederösterreich,2023,94.0,False
282,1302,MitarbeiterIn im Handels- und Kapitalmarktgeschäft,AT12,Niederösterreich,2024,,True
282,1302,MitarbeiterIn im Handels- und Kapitalmarktgeschäft,AT12,Niederösterreich,2025,48.0,False
282,1302,MitarbeiterIn im Handels- und Kapitalmarktgeschäft,AT13,Wien,2020,164.0,False
282,1302,MitarbeiterIn im Handels- und Kapitalmarktgeschäft,AT13,Wien,2021,301.0,False
282,1302,MitarbeiterIn im Handels- und Kapitalmarktgeschäft,AT13,Wien,2022,421.0,False
282,1302,MitarbeiterIn im Handels- und Kapitalmarktgeschäft,AT13,Wien,2023,282.0,False
282,1302,MitarbeiterIn im Handels- und Kapitalmarktgeschäft,AT13,Wien,2024,180.0,False
282,1302,MitarbeiterIn im Handels- und Kapitalmarktgeschäft,AT13,Wien,2025,184.0,False
282,1302,MitarbeiterIn im Handels- und Kapitalmarktgeschäft,AT21,Kärnten,2020,23.0,False
282,1302,MitarbeiterIn im Handels- und Kapitalmarktgeschäft,AT21,Kärnten,2021,33.0,False
282,1302,MitarbeiterIn im Handels- und Kapitalmarktgeschäft,AT21,Kärnten,2022,77.0,False
282,1302,MitarbeiterIn im Handels- und Kapitalmarktgeschäft,AT21,Kärnten,2023,34.0,False
282,1302,MitarbeiterIn im Handels- und Kapitalmarktgeschäft,AT21,Kärnten,2024,,True
282,1302,MitarbeiterIn im Handels- und Kapitalmarktgeschäft,AT21,Kärnten,2025,,True
282,1302,MitarbeiterIn im Handels- und Kapitalmarktgeschäft,AT22,Steiermark,2020,59.0,False
282,1302,MitarbeiterIn im Handels- und Kapitalmarktgeschäft,AT22,Steiermark,2021,114.0,False
282,1302,MitarbeiterIn im Handels- und Kapitalmarktgeschäft,AT22,Steiermark,2022,247.0,False
282,1302,MitarbeiterIn im Handels- und Kapitalmarktgeschäft,AT22,Steiermark,2023,73.0,False
282,1302,MitarbeiterIn im Handels- und Kapitalmarktgeschäft,AT22,Steiermark,2024,,True
282,1302,MitarbeiterIn im Handels- und Kapitalmarktgeschäft,AT22,Steiermark,2025,35.0,False
282,1302,MitarbeiterIn im Handels- und Kapitalmarktgeschäft,AT31,Oberösterreich,2020,106.0,False
282,1302,MitarbeiterIn im Handels- und Kapitalmarktgeschäft,AT31,Oberösterreich,2021,154.0,False
282,1302,MitarbeiterIn im Handels- und Kapitalmarktgeschäft,AT31,Oberösterreich,2022,284.0,False
282,1302,MitarbeiterIn im Handels- und Kapitalmarktgeschäft,AT31,Oberösterreich,2023,105.0,False
282,1302,MitarbeiterIn im Handels- und Kapitalmarktgeschäft,AT31,Oberösterreich,2024,36.0,False
282,1302,MitarbeiterIn im Handels- und Kapitalmarktgeschäft,AT31,Oberösterreich,2025,27.0,False
282,1302,MitarbeiterIn im Handels- und Kapitalmarktgeschäft,AT32,Salzburg,2020,25.0,False
282,1302,MitarbeiterIn im Handels- und Kapitalmarktgeschäft,AT32,Salzburg,2021,75.0,False
282,1302,MitarbeiterIn im Handels- und Kapitalmarktgeschäft,AT32,Salzburg,2022,127.0,False
282,1302,MitarbeiterIn im Handels- und Kapitalmarktgeschäft,AT32,Salzburg,2023,65.0,False
282,1302,MitarbeiterIn im Handels- und Kapitalmarktgeschäft,AT32,Salzburg,2024,29.0,False
282,1302,MitarbeiterIn im Handels- und Kapitalmarktgeschäft,AT32,Salzburg,2025,61.0,False
282,1302,MitarbeiterIn im Handels- und Kapitalmarktgeschäft,AT33,Tirol,2020,29.0,False
282,1302,MitarbeiterIn im Handels- und Kapitalmarktgeschäft,AT33,Tirol,2021,74.0,False
282,1302,MitarbeiterIn im Handels- und Kapitalmarktgeschäft,AT33,Tirol,2022,210.0,False
282,1302,MitarbeiterIn im Handels- und Kapitalmarktgeschäft,AT33,Tirol,2023,63.0,False
282,1302,MitarbeiterIn im Handels- und Kapitalmarktgeschäft,AT33,Tirol,2024,,True
282,1302,MitarbeiterIn im Handels- und Kapitalmarktgeschäft,AT33,Tirol,2025,,True
282,1302,MitarbeiterIn im Handels- und Kapitalmarktgeschäft,AT34,Vorarlberg,2020,32.0,False
282,1302,MitarbeiterIn im Handels- und Kapitalmarktgeschäft,AT34,Vorarlberg,2021,62.0,False
282,1302,MitarbeiterIn im Handels- und Kapitalmarktgeschäft,AT34,Vorarlberg,2022,66.0,False
282,1302,MitarbeiterIn im Handels- und Kapitalmarktgeschäft,AT34,Vorarlberg,2023,47.0,False
282,1302,MitarbeiterIn im Handels- und Kapitalmarktgeschäft,AT34,Vorarlberg,2024,20.0,False
282,1302,MitarbeiterIn im Handels- und Kapitalmarktgeschäft,AT34,Vorarlberg,2025,,True
282,1303,MitarbeiterIn in der Kreditabteilung,AT,Österreich,2020,465.0,False
282,1303,MitarbeiterIn in der Kreditabteilung,AT,Österreich,2021,431.0,False
282,1303,MitarbeiterIn in der Kreditabteilung,AT,Österreich,2022,654.0,False
282,1303,MitarbeiterIn in der Kreditabteilung,AT,Österreich,2023,823.0,False
282,1303,MitarbeiterIn in der Kreditabteilung,AT,Österreich,2024,604.0,False
282,1303,MitarbeiterIn in der Kreditabteilung,AT,Österreich,2025,617.0,False
282,1303,MitarbeiterIn in der Kreditabteilung,AT11,Burgenland,2020,,True
282,1303,MitarbeiterIn in der Kreditabteilung,AT11,Burgenland,2021,,True
282,1303,MitarbeiterIn in der Kreditabteilung,AT11,Burgenland,2022,23.0,False
282,1303,MitarbeiterIn in der Kreditabteilung,AT11,Burgenland,2023,28.0,False
282,1303,MitarbeiterIn in der Kreditabteilung,AT11,Burgenland,2024,,True
282,1303,MitarbeiterIn in der Kreditabteilung,AT11,Burgenland,2025,21.0,False
282,1303,MitarbeiterIn in der Kreditabteilung,AT12,Niederösterreich,2020,26.0,False
282,1303,MitarbeiterIn in der Kreditabteilung,AT12,Niederösterreich,2021,,True
282,1303,MitarbeiterIn in der Kreditabteilung,AT12,Niederösterreich,2022,42.0,False
282,1303,MitarbeiterIn in der Kreditabteilung,AT12,Niederösterreich,2023,64.0,False
282,1303,MitarbeiterIn in der Kreditabteilung,AT12,Niederösterreich,2024,46.0,False
282,1303,MitarbeiterIn in der Kreditabteilung,AT12,Niederösterreich,2025,66.0,False
282,1303,MitarbeiterIn in der Kreditabteilung,AT13,Wien,2020,82.0,False
282,1303,MitarbeiterIn in der Kreditabteilung,AT13,Wien,2021,108.0,False
282,1303,MitarbeiterIn in der Kreditabteilung,AT13,Wien,2022,186.0,False
282,1303,MitarbeiterIn in der Kreditabteilung,AT13,Wien,2023,323.0,False
282,1303,MitarbeiterIn in der Kreditabteilung,AT13,Wien,2024,196.0,False
282,1303,MitarbeiterIn in der Kreditabteilung,AT13,Wien,2025,157.0,False
282,1303,MitarbeiterIn in der Kreditabteilung,AT21,Kärnten,2020,,True
282,1303,MitarbeiterIn in der Kreditabteilung,AT21,Kärnten,2021,,True
282,1303,MitarbeiterIn in der Kreditabteilung,AT21,Kärnten,2022,36.0,False
282,1303,MitarbeiterIn in der Kreditabteilung,AT21,Kärnten,2023,48.0,False
282,1303,MitarbeiterIn in der Kreditabteilung,AT21,Kärnten,2024,60.0,False
282,1303,MitarbeiterIn in der Kreditabteilung,AT21,Kärnten,2025,46.0,False
282,1303,MitarbeiterIn in der Kreditabteilung,AT22,Steiermark,2020,22.0,False
282,1303,MitarbeiterIn in der Kreditabteilung,AT22,Steiermark,2021,20.0,False
282,1303,MitarbeiterIn in der Kreditabteilung,AT22,Steiermark,2022,29.0,False
282,1303,MitarbeiterIn in der Kreditabteilung,AT22,Steiermark,2023,40.0,False
282,1303,MitarbeiterIn in der Kreditabteilung,AT22,Steiermark,2024,35.0,False
282,1303,MitarbeiterIn in der Kreditabteilung,AT22,Steiermark,2025,38.0,False
282,1303,MitarbeiterIn in der Kreditabteilung,AT31,Oberösterreich,2020,38.0,False
282,1303,MitarbeiterIn in der Kreditabteilung,AT31,Oberösterreich,2021,52.0,False
282,1303,MitarbeiterIn in der Kreditabteilung,AT31,Oberösterreich,2022,110.0,False
282,1303,MitarbeiterIn in der Kreditabteilung,AT31,Oberösterreich,2023,134.0,False
282,1303,MitarbeiterIn in der Kreditabteilung,AT31,Oberösterreich,2024,73.0,False
282,1303,MitarbeiterIn in der Kreditabteilung,AT31,Oberösterreich,2025,87.0,False
282,1303,MitarbeiterIn in der Kreditabteilung,AT32,Salzburg,2020,25.0,False
282,1303,MitarbeiterIn in der Kreditabteilung,AT32,Salzburg,2021,45.0,False
282,1303,MitarbeiterIn in der Kreditabteilung,AT32,Salzburg,2022,55.0,False
282,1303,MitarbeiterIn in der Kreditabteilung,AT32,Salzburg,2023,36.0,False
282,1303,MitarbeiterIn in der Kreditabteilung,AT32,Salzburg,2024,39.0,False
282,1303,MitarbeiterIn in der Kreditabteilung,AT32,Salzburg,2025,33.0,False
282,1303,MitarbeiterIn in der Kreditabteilung,AT33,Tirol,2020,,True
282,1303,MitarbeiterIn in der Kreditabteilung,AT33,Tirol,2021,24.0,False
282,1303,MitarbeiterIn in der Kreditabteilung,AT33,Tirol,2022,36.0,False
282,1303,MitarbeiterIn in der Kreditabteilung,AT33,Tirol,2023,48.0,False
282,1303,MitarbeiterIn in der Kreditabteilung,AT33,Tirol,2024,37.0,False
282,1303,MitarbeiterIn in der Kreditabteilung,AT33,Tirol,2025,41.0,False
282,1303,MitarbeiterIn in der Kreditabteilung,AT34,Vorarlberg,2020,27.0,False
282,1303,MitarbeiterIn in der Kreditabteilung,AT34,Vorarlberg,2021,,True
282,1303,MitarbeiterIn in der Kreditabteilung,AT34,Vorarlberg,2022,76.0,False
282,1303,MitarbeiterIn in der Kreditabteilung,AT34,Vorarlberg,2023,59.0,False
282,1303,MitarbeiterIn in der Kreditabteilung,AT34,Vorarlberg,2024,54.0,False
282,1303,MitarbeiterIn in der Kreditabteilung,AT34,Vorarlberg,2025,45.0,False
282,1249,RisikomanagerIn im Finanz- und Bankwesen,AT,Österreich,2020,1668.0,False
282,1249,RisikomanagerIn im Finanz- und Bankwesen,AT,Österreich,2021,1936.0,False
282,1249,RisikomanagerIn im Finanz- und Bankwesen,AT,Österreich,2022,2476.0,False
282,1249,RisikomanagerIn im Finanz- und Bankwesen,AT,Österreich,2023,2126.0,False
282,1249,RisikomanagerIn im Finanz- und Bankwesen,AT,Österreich,2024,1729.0,False
282,1249,RisikomanagerIn im Finanz- und Bankwesen,AT,Österreich,2025,1506.0,False
282,1249,RisikomanagerIn im Finanz- und Bankwesen,AT11,Burgenland,2020,,True
282,1249,RisikomanagerIn im Finanz- und Bankwesen,AT11,Burgenland,2021,,True
282,1249,RisikomanagerIn im Finanz- und Bankwesen,AT11,Burgenland,2022,,True
282,1249,RisikomanagerIn im Finanz- und Bankwesen,AT11,Burgenland,2023,,True
282,1249,RisikomanagerIn im Finanz- und Bankwesen,AT11,Burgenland,2024,,True
282,1249,RisikomanagerIn im Finanz- und Bankwesen,AT11,Burgenland,2025,,True
282,1249,RisikomanagerIn im Finanz- und Bankwesen,AT12,Niederösterreich,2020,74.0,False
282,1249,RisikomanagerIn im Finanz- und Bankwesen,AT12,Niederösterreich,2021,112.0,False
282,1249,RisikomanagerIn im Finanz- und Bankwesen,AT12,Niederösterreich,2022,170.0,False
282,1249,RisikomanagerIn im Finanz- und Bankwesen,AT12,Niederösterreich,2023,132.0,False
282,1249,RisikomanagerIn im Finanz- und Bankwesen,AT12,Niederösterreich,2024,126.0,False
282,1249,RisikomanagerIn im Finanz- und Bankwesen,AT12,Niederösterreich,2025,101.0,False
282,1249,RisikomanagerIn im Finanz- und Bankwesen,AT13,Wien,2020,587.0,False
282,1249,RisikomanagerIn im Finanz- und Bankwesen,AT13,Wien,2021,820.0,False
282,1249,RisikomanagerIn im Finanz- und Bankwesen,AT13,Wien,2022,1215.0,False
282,1249,RisikomanagerIn im Finanz- und Bankwesen,AT13,Wien,2023,1049.0,False
282,1249,RisikomanagerIn im Finanz- und Bankwesen,AT13,Wien,2024,775.0,False
282,1249,RisikomanagerIn im Finanz- und Bankwesen,AT13,Wien,2025,650.0,False
282,1249,RisikomanagerIn im Finanz- und Bankwesen,AT21,Kärnten,2020,,True
282,1249,RisikomanagerIn im Finanz- und Bankwesen,AT21,Kärnten,2021,27.0,False
282,1249,RisikomanagerIn im Finanz- und Bankwesen,AT21,Kärnten,2022,96.0,False
282,1249,RisikomanagerIn im Finanz- und Bankwesen,AT21,Kärnten,2023,74.0,False
282,1249,RisikomanagerIn im Finanz- und Bankwesen,AT21,Kärnten,2024,58.0,False
282,1249,RisikomanagerIn im Finanz- und Bankwesen,AT21,Kärnten,2025,40.0,False
282,1249,RisikomanagerIn im Finanz- und Bankwesen,AT22,Steiermark,2020,37.0,False
282,1249,RisikomanagerIn im Finanz- und Bankwesen,AT22,Steiermark,2021,83.0,False
282,1249,RisikomanagerIn im Finanz- und Bankwesen,AT22,Steiermark,2022,116.0,False
282,1249,RisikomanagerIn im Finanz- und Bankwesen,AT22,Steiermark,2023,133.0,False
282,1249,RisikomanagerIn im Finanz- und Bankwesen,AT22,Steiermark,2024,104.0,False
282,1249,RisikomanagerIn im Finanz- und Bankwesen,AT22,Steiermark,2025,117.0,False
282,1249,RisikomanagerIn im Finanz- und Bankwesen,AT31,Oberösterreich,2020,75.0,False
282,1249,RisikomanagerIn im Finanz- und Bankwesen,AT31,Oberösterreich,2021,151.0,False
282,1249,RisikomanagerIn im Finanz- und Bankwesen,AT31,Oberösterreich,2022,269.0,False
282,1249,RisikomanagerIn im Finanz- und Bankwesen,AT31,Oberösterreich,2023,280.0,False
282,1249,RisikomanagerIn im Finanz- und Bankwesen,AT31,Oberösterreich,2024,254.0,False
282,1249,RisikomanagerIn im Finanz- und Bankwesen,AT31,Oberösterreich,2025,227.0,False
282,1249,RisikomanagerIn im Finanz- und Bankwesen,AT32,Salzburg,2020,44.0,False
282,1249,RisikomanagerIn im Finanz- und Bankwesen,AT32,Salzburg,2021,107.0,False
282,1249,RisikomanagerIn im Finanz- und Bankwesen,AT32,Salzburg,2022,182.0,False
282,1249,RisikomanagerIn im Finanz- und Bankwesen,AT32,Salzburg,2023,123.0,False
282,1249,RisikomanagerIn im Finanz- und Bankwesen,AT32,Salzburg,2024,111.0,False
282,1249,RisikomanagerIn im Finanz- und Bankwesen,AT32,Salzburg,2025,101.0,False
282,1249,RisikomanagerIn im Finanz- und Bankwesen,AT33,Tirol,2020,52.0,False
282,1249,RisikomanagerIn im Finanz- und Bankwesen,AT33,Tirol,2021,88.0,False
282,1249,RisikomanagerIn im Finanz- und Bankwesen,AT33,Tirol,2022,64.0,False
282,1249,RisikomanagerIn im Finanz- und Bankwesen,AT33,Tirol,2023,82.0,False
282,1249,RisikomanagerIn im Finanz- und Bankwesen,AT33,Tirol,2024,89.0,False
282,1249,RisikomanagerIn im Finanz- und Bankwesen,AT33,Tirol,2025,79.0,False
282,1249,RisikomanagerIn im Finanz- und Bankwesen,AT34,Vorarlberg,2020,33.0,False
282,1249,RisikomanagerIn im Finanz- und Bankwesen,AT34,Vorarlberg,2021,42.0,False
282,1249,RisikomanagerIn im Finanz- und Bankwesen,AT34,Vorarlberg,2022,74.0,False
282,1249,RisikomanagerIn im Finanz- und Bankwesen,AT34,Vorarlberg,2023,57.0,False
282,1249,RisikomanagerIn im Finanz- und Bankwesen,AT34,Vorarlberg,2024,47.0,False
282,1249,RisikomanagerIn im Finanz- und Bankwesen,AT34,Vorarlberg,2025,60.0,False
282,1304,Treasurer (m/w),AT,Österreich,2020,377.0,False
282,1304,Treasurer (m/w),AT,Österreich,2021,426.0,False
282,1304,Treasurer (m/w),AT,Österreich,2022,571.0,False
282,1304,Treasurer (m/w),AT,Österreich,2023,431.0,False
282,1304,Treasurer (m/w),AT,Österreich,2024,341.0,False
282,1304,Treasurer (m/w),AT,Österreich,2025,258.0,False
282,1304,Treasurer (m/w),AT11,Burgenland,2020,,True
282,1304,Treasurer (m/w),AT11,Burgenland,2021,,True
282,1304,Treasurer (m/w),AT11,Burgenland,2022,,True
282,1304,Treasurer (m/w),AT11,Burgenland,2023,,True
282,1304,Treasurer (m/w),AT11,Burgenland,2024,,True
282,1304,Treasurer (m/w),AT11,Burgenland,2025,,True
282,1304,Treasurer (m/w),AT12,Niederösterreich,2020,,True
282,1304,Treasurer (m/w),AT12,Niederösterreich,2021,,True
282,1304,Treasurer (m/w),AT12,Niederösterreich,2022,65.0,False
282,1304,Treasurer (m/w),AT12,Niederösterreich,2023,39.0,False
282,1304,Treasurer (m/w),AT12,Niederösterreich,2024,20.0,False
282,1304,Treasurer (m/w),AT12,Niederösterreich,2025,20.0,False
282,1304,Treasurer (m/w),AT13,Wien,2020,92.0,False
282,1304,Treasurer (m/w),AT13,Wien,2021,134.0,False
282,1304,Treasurer (m/w),AT13,Wien,2022,178.0,False
282,1304,Treasurer (m/w),AT13,Wien,2023,171.0,False
282,1304,Treasurer (m/w),AT13,Wien,2024,124.0,False
282,1304,Treasurer (m/w),AT13,Wien,2025,104.0,False
282,1304,Treasurer (m/w),AT21,Kärnten,2020,,True
282,1304,Treasurer (m/w),AT21,Kärnten,2021,,True
282,1304,Treasurer (m/w),AT21,Kärnten,2022,32.0,False
282,1304,Treasurer (m/w),AT21,Kärnten,2023,,True
282,1304,Treasurer (m/w),AT21,Kärnten,2024,,True
282,1304,Treasurer (m/w),AT21,Kärnten,2025,,True
282,1304,Treasurer (m/w),AT22,Steiermark,2020,55.0,False
282,1304,Treasurer (m/w),AT22,Steiermark,2021,52.0,False
282,1304,Treasurer (m/w),AT22,Steiermark,2022,49.0,False
282,1304,Treasurer (m/w),AT22,Steiermark,2023,38.0,False
282,1304,Treasurer (m/w),AT22,Steiermark,2024,27.0,False
282,1304,Treasurer (m/w),AT22,Steiermark,2025,,True
282,1304,Treasurer (m/w),AT31,Oberösterreich,2020,,True
282,1304,Treasurer (m/w),AT31,Oberösterreich,2021,39.0,False
282,1304,Treasurer (m/w),AT31,Oberösterreich,2022,81.0,False
282,1304,Treasurer (m/w),AT31,Oberösterreich,2023,52.0,False
282,1304,Treasurer (m/w),AT31,Oberösterreich,2024,52.0,False
282,1304,Treasurer (m/w),AT31,Oberösterreich,2025,35.0,False
282,1304,Treasurer (m/w),AT32,Salzburg,2020,,True
282,1304,Treasurer (m/w),AT32,Salzburg,2021,22.0,False
282,1304,Treasurer (m/w),AT32,Salzburg,2022,55.0,False
282,1304,Treasurer (m/w),AT32,Salzburg,2023,54.0,False
282,1304,Treasurer (m/w),AT32,Salzburg,2024,28.0,False
282,1304,Treasurer (m/w),AT32,Salzburg,2025,28.0,False
282,1304,Treasurer (m/w),AT33,Tirol,2020,,True
282,1304,Treasurer (m/w),AT33,Tirol,2021,,True
282,1304,Treasurer (m/w),AT33,Tirol,2022,31.0,False
282,1304,Treasurer (m/w),AT33,Tirol,2023,,True
282,1304,Treasurer (m/w),AT33,Tirol,2024,22.0,False
282,1304,Treasurer (m/w),AT33,Tirol,2025,20.0,False
282,1304,Treasurer (m/w),AT34,Vorarlberg,2020,,True
282,1304,Treasurer (m/w),AT34,Vorarlberg,2021,24.0,False
282,1304,Treasurer (m/w),AT34,Vorarlberg,2022,28.0,False
282,1304,Treasurer (m/w),AT34,Vorarlberg,2023,,True
282,1304,Treasurer (m/w),AT34,Vorarlberg,2024,22.0,False
282,1304,Treasurer (m/w),AT34,Vorarlberg,2025,,True
282,1190,VersicherungsberaterIn,AT,Österreich,2020,909.0,False
282,1190,VersicherungsberaterIn,AT,Österreich,2021,1416.0,False
282,1190,VersicherungsberaterIn,AT,Österreich,2022,1352.0,False
282,1190,VersicherungsberaterIn,AT,Österreich,2023,1454.0,False
282,1190,VersicherungsberaterIn,AT,Österreich,2024,1615.0,False
282,1190,VersicherungsberaterIn,AT,Österreich,2025,1409.0,False
282,1190,VersicherungsberaterIn,AT11,Burgenland,2020,22.0,False
282,1190,VersicherungsberaterIn,AT11,Burgenland,2021,60.0,False
282,1190,VersicherungsberaterIn,AT11,Burgenland,2022,45.0,False
282,1190,VersicherungsberaterIn,AT11,Burgenland,2023,25.0,False
282,1190,VersicherungsberaterIn,AT11,Burgenland,2024,29.0,False
282,1190,VersicherungsberaterIn,AT11,Burgenland,2025,30.0,False
282,1190,VersicherungsberaterIn,AT12,Niederösterreich,2020,75.0,False
282,1190,VersicherungsberaterIn,AT12,Niederösterreich,2021,203.0,False
282,1190,VersicherungsberaterIn,AT12,Niederösterreich,2022,193.0,False
282,1190,VersicherungsberaterIn,AT12,Niederösterreich,2023,218.0,False
282,1190,VersicherungsberaterIn,AT12,Niederösterreich,2024,246.0,False
282,1190,VersicherungsberaterIn,AT12,Niederösterreich,2025,272.0,False
282,1190,VersicherungsberaterIn,AT13,Wien,2020,157.0,False
282,1190,VersicherungsberaterIn,AT13,Wien,2021,154.0,False
282,1190,VersicherungsberaterIn,AT13,Wien,2022,207.0,False
282,1190,VersicherungsberaterIn,AT13,Wien,2023,239.0,False
282,1190,VersicherungsberaterIn,AT13,Wien,2024,248.0,False
282,1190,VersicherungsberaterIn,AT13,Wien,2025,180.0,False
282,1190,VersicherungsberaterIn,AT21,Kärnten,2020,67.0,False
282,1190,VersicherungsberaterIn,AT21,Kärnten,2021,121.0,False
282,1190,VersicherungsberaterIn,AT21,Kärnten,2022,103.0,False
282,1190,VersicherungsberaterIn,AT21,Kärnten,2023,114.0,False
282,1190,VersicherungsberaterIn,AT21,Kärnten,2024,125.0,False
282,1190,VersicherungsberaterIn,AT21,Kärnten,2025,86.0,False
282,1190,VersicherungsberaterIn,AT22,Steiermark,2020,143.0,False
282,1190,VersicherungsberaterIn,AT22,Steiermark,2021,286.0,False
282,1190,VersicherungsberaterIn,AT22,Steiermark,2022,239.0,False
282,1190,VersicherungsberaterIn,AT22,Steiermark,2023,244.0,False
282,1190,VersicherungsberaterIn,AT22,Steiermark,2024,241.0,False
282,1190,VersicherungsberaterIn,AT22,Steiermark,2025,223.0,False
282,1190,VersicherungsberaterIn,AT31,Oberösterreich,2020,119.0,False
282,1190,VersicherungsberaterIn,AT31,Oberösterreich,2021,213.0,False
282,1190,VersicherungsberaterIn,AT31,Oberösterreich,2022,213.0,False
282,1190,VersicherungsberaterIn,AT31,Oberösterreich,2023,196.0,False
282,1190,VersicherungsberaterIn,AT31,Oberösterreich,2024,278.0,False
282,1190,VersicherungsberaterIn,AT31,Oberösterreich,2025,257.0,False
282,1190,VersicherungsberaterIn,AT32,Salzburg,2020,70.0,False
282,1190,VersicherungsberaterIn,AT32,Salzburg,2021,95.0,False
282,1190,VersicherungsberaterIn,AT32,Salzburg,2022,88.0,False
282,1190,VersicherungsberaterIn,AT32,Salzburg,2023,117.0,False
282,1190,VersicherungsberaterIn,AT32,Salzburg,2024,116.0,False
282,1190,VersicherungsberaterIn,AT32,Salzburg,2025,110.0,False
282,1190,VersicherungsberaterIn,AT33,Tirol,2020,41.0,False
282,1190,VersicherungsberaterIn,AT33,Tirol,2021,95.0,False
282,1190,VersicherungsberaterIn,AT33,Tirol,2022,97.0,False
282,1190,VersicherungsberaterIn,AT33,Tirol,2023,124.0,False
282,1190,VersicherungsberaterIn,AT33,Tirol,2024,142.0,False
282,1190,VersicherungsberaterIn,AT33,Tirol,2025,111.0,False
282,1190,VersicherungsberaterIn,AT34,Vorarlberg,2020,57.0,False
282,1190,VersicherungsberaterIn,AT34,Vorarlberg,2021,62.0,False
282,1190,VersicherungsberaterIn,AT34,Vorarlberg,2022,63.0,False
282,1190,VersicherungsberaterIn,AT34,Vorarlberg,2023,83.0,False
282,1190,VersicherungsberaterIn,AT34,Vorarlberg,2024,79.0,False
282,1190,VersicherungsberaterIn,AT34,Vorarlberg,2025,58.0,False
282,545,Versicherungskaufmann/-frau,AT,Österreich,2020,1874.0,False
282,545,Versicherungskaufmann/-frau,AT,Österreich,2021,1699.0,False
282,545,Versicherungskaufmann/-frau,AT,Österreich,2022,1932.0,False
282,545,Versicherungskaufmann/-frau,AT,Österreich,2023,1891.0,False
282,545,Versicherungskaufmann/-frau,AT,Österreich,2024,1828.0,False
282,545,Versicherungskaufmann/-frau,AT,Österreich,2025,1837.0,False
282,545,Versicherungskaufmann/-frau,AT11,Burgenland,2020,,True
282,545,Versicherungskaufmann/-frau,AT11,Burgenland,2021,24.0,False
282,545,Versicherungskaufmann/-frau,AT11,Burgenland,2022,21.0,False
282,545,Versicherungskaufmann/-frau,AT11,Burgenland,2023,28.0,False
282,545,Versicherungskaufmann/-frau,AT11,Burgenland,2024,21.0,False
282,545,Versicherungskaufmann/-frau,AT11,Burgenland,2025,33.0,False
282,545,Versicherungskaufmann/-frau,AT12,Niederösterreich,2020,102.0,False
282,545,Versicherungskaufmann/-frau,AT12,Niederösterreich,2021,172.0,False
282,545,Versicherungskaufmann/-frau,AT12,Niederösterreich,2022,192.0,False
282,545,Versicherungskaufmann/-frau,AT12,Niederösterreich,2023,188.0,False
282,545,Versicherungskaufmann/-frau,AT12,Niederösterreich,2024,152.0,False
282,545,Versicherungskaufmann/-frau,AT12,Niederösterreich,2025,179.0,False
282,545,Versicherungskaufmann/-frau,AT13,Wien,2020,422.0,False
282,545,Versicherungskaufmann/-frau,AT13,Wien,2021,460.0,False
282,545,Versicherungskaufmann/-frau,AT13,Wien,2022,545.0,False
282,545,Versicherungskaufmann/-frau,AT13,Wien,2023,637.0,False
282,545,Versicherungskaufmann/-frau,AT13,Wien,2024,590.0,False
282,545,Versicherungskaufmann/-frau,AT13,Wien,2025,545.0,False
282,545,Versicherungskaufmann/-frau,AT21,Kärnten,2020,40.0,False
282,545,Versicherungskaufmann/-frau,AT21,Kärnten,2021,66.0,False
282,545,Versicherungskaufmann/-frau,AT21,Kärnten,2022,117.0,False
282,545,Versicherungskaufmann/-frau,AT21,Kärnten,2023,118.0,False
282,545,Versicherungskaufmann/-frau,AT21,Kärnten,2024,93.0,False
282,545,Versicherungskaufmann/-frau,AT21,Kärnten,2025,81.0,False
282,545,Versicherungskaufmann/-frau,AT22,Steiermark,2020,126.0,False
282,545,Versicherungskaufmann/-frau,AT22,Steiermark,2021,156.0,False
282,545,Versicherungskaufmann/-frau,AT22,Steiermark,2022,211.0,False
282,545,Versicherungskaufmann/-frau,AT22,Steiermark,2023,203.0,False
282,545,Versicherungskaufmann/-frau,AT22,Steiermark,2024,205.0,False
282,545,Versicherungskaufmann/-frau,AT22,Steiermark,2025,214.0,False
282,545,Versicherungskaufmann/-frau,AT31,Oberösterreich,2020,160.0,False
282,545,Versicherungskaufmann/-frau,AT31,Oberösterreich,2021,199.0,False
282,545,Versicherungskaufmann/-frau,AT31,Oberösterreich,2022,313.0,False
282,545,Versicherungskaufmann/-frau,AT31,Oberösterreich,2023,240.0,False
282,545,Versicherungskaufmann/-frau,AT31,Oberösterreich,2024,275.0,False
282,545,Versicherungskaufmann/-frau,AT31,Oberösterreich,2025,289.0,False
282,545,Versicherungskaufmann/-frau,AT32,Salzburg,2020,93.0,False
282,545,Versicherungskaufmann/-frau,AT32,Salzburg,2021,105.0,False
282,545,Versicherungskaufmann/-frau,AT32,Salzburg,2022,151.0,False
282,545,Versicherungskaufmann/-frau,AT32,Salzburg,2023,139.0,False
282,545,Versicherungskaufmann/-frau,AT32,Salzburg,2024,136.0,False
282,545,Versicherungskaufmann/-frau,AT32,Salzburg,2025,156.0,False
282,545,Versicherungskaufmann/-frau,AT33,Tirol,2020,78.0,False
282,545,Versicherungskaufmann/-frau,AT33,Tirol,2021,87.0,False
282,545,Versicherungskaufmann/-frau,AT33,Tirol,2022,128.0,False
282,545,Versicherungskaufmann/-frau,AT33,Tirol,2023,98.0,False
282,545,Versicherungskaufmann/-frau,AT33,Tirol,2024,133.0,False
282,545,Versicherungskaufmann/-frau,AT33,Tirol,2025,161.0,False
282,545,Versicherungskaufmann/-frau,AT34,Vorarlberg,2020,34.0,False
282,545,Versicherungskaufmann/-frau,AT34,Vorarlberg,2021,52.0,False
282,545,Versicherungskaufmann/-frau,AT34,Vorarlberg,2022,82.0,False
282,545,Versicherungskaufmann/-frau,AT34,Vorarlberg,2023,93.0,False
282,545,Versicherungskaufmann/-frau,AT34,Vorarlberg,2024,65.0,False
282,545,Versicherungskaufmann/-frau,AT34,Vorarlberg,2025,63.0,False
285,269,Betriebs- und UnternehmensleiterIn,AT,Österreich,2020,7263.0,False
285,269,Betriebs- und UnternehmensleiterIn,AT,Österreich,2021,8657.0,False
285,269,Betriebs- und UnternehmensleiterIn,AT,Österreich,2022,11315.0,False
285,269,Betriebs- und UnternehmensleiterIn,AT,Österreich,2023,9137.0,False
285,269,Betriebs- und UnternehmensleiterIn,AT,Österreich,2024,7289.0,False
285,269,Betriebs- und UnternehmensleiterIn,AT,Österreich,2025,6318.0,False
285,269,Betriebs- und UnternehmensleiterIn,AT11,Burgenland,2020,93.0,False
285,269,Betriebs- und UnternehmensleiterIn,AT11,Burgenland,2021,153.0,False
285,269,Betriebs- und UnternehmensleiterIn,AT11,Burgenland,2022,221.0,False
285,269,Betriebs- und UnternehmensleiterIn,AT11,Burgenland,2023,165.0,False
285,269,Betriebs- und UnternehmensleiterIn,AT11,Burgenland,2024,152.0,False
285,269,Betriebs- und UnternehmensleiterIn,AT11,Burgenland,2025,175.0,False
285,269,Betriebs- und UnternehmensleiterIn,AT12,Niederösterreich,2020,497.0,False
285,269,Betriebs- und UnternehmensleiterIn,AT12,Niederösterreich,2021,741.0,False
285,269,Betriebs- und UnternehmensleiterIn,AT12,Niederösterreich,2022,1189.0,False
285,269,Betriebs- und UnternehmensleiterIn,AT12,Niederösterreich,2023,896.0,False
285,269,Betriebs- und UnternehmensleiterIn,AT12,Niederösterreich,2024,729.0,False
285,269,Betriebs- und UnternehmensleiterIn,AT12,Niederösterreich,2025,655.0,False
285,269,Betriebs- und UnternehmensleiterIn,AT13,Wien,2020,1438.0,False
285,269,Betriebs- und UnternehmensleiterIn,AT13,Wien,2021,2109.0,False
285,269,Betriebs- und UnternehmensleiterIn,AT13,Wien,2022,3110.0,False
285,269,Betriebs- und UnternehmensleiterIn,AT13,Wien,2023,2865.0,False
285,269,Betriebs- und UnternehmensleiterIn,AT13,Wien,2024,2196.0,False
285,269,Betriebs- und UnternehmensleiterIn,AT13,Wien,2025,1694.0,False
285,269,Betriebs- und UnternehmensleiterIn,AT21,Kärnten,2020,177.0,False
285,269,Betriebs- und UnternehmensleiterIn,AT21,Kärnten,2021,302.0,False
285,269,Betriebs- und UnternehmensleiterIn,AT21,Kärnten,2022,440.0,False
285,269,Betriebs- und UnternehmensleiterIn,AT21,Kärnten,2023,335.0,False
285,269,Betriebs- und UnternehmensleiterIn,AT21,Kärnten,2024,292.0,False
285,269,Betriebs- und UnternehmensleiterIn,AT21,Kärnten,2025,278.0,False
285,269,Betriebs- und UnternehmensleiterIn,AT22,Steiermark,2020,453.0,False
285,269,Betriebs- und UnternehmensleiterIn,AT22,Steiermark,2021,724.0,False
285,269,Betriebs- und UnternehmensleiterIn,AT22,Steiermark,2022,1017.0,False
285,269,Betriebs- und UnternehmensleiterIn,AT22,Steiermark,2023,758.0,False
285,269,Betriebs- und UnternehmensleiterIn,AT22,Steiermark,2024,658.0,False
285,269,Betriebs- und UnternehmensleiterIn,AT22,Steiermark,2025,648.0,False
285,269,Betriebs- und UnternehmensleiterIn,AT31,Oberösterreich,2020,660.0,False
285,269,Betriebs- und UnternehmensleiterIn,AT31,Oberösterreich,2021,1095.0,False
285,269,Betriebs- und UnternehmensleiterIn,AT31,Oberösterreich,2022,1694.0,False
285,269,Betriebs- und UnternehmensleiterIn,AT31,Oberösterreich,2023,1234.0,False
285,269,Betriebs- und UnternehmensleiterIn,AT31,Oberösterreich,2024,979.0,False
285,269,Betriebs- und UnternehmensleiterIn,AT31,Oberösterreich,2025,939.0,False
285,269,Betriebs- und UnternehmensleiterIn,AT32,Salzburg,2020,379.0,False
285,269,Betriebs- und UnternehmensleiterIn,AT32,Salzburg,2021,634.0,False
285,269,Betriebs- und UnternehmensleiterIn,AT32,Salzburg,2022,932.0,False
285,269,Betriebs- und UnternehmensleiterIn,AT32,Salzburg,2023,852.0,False
285,269,Betriebs- und UnternehmensleiterIn,AT32,Salzburg,2024,620.0,False
285,269,Betriebs- und UnternehmensleiterIn,AT32,Salzburg,2025,600.0,False
285,269,Betriebs- und UnternehmensleiterIn,AT33,Tirol,2020,476.0,False
285,269,Betriebs- und UnternehmensleiterIn,AT33,Tirol,2021,550.0,False
285,269,Betriebs- und UnternehmensleiterIn,AT33,Tirol,2022,896.0,False
285,269,Betriebs- und UnternehmensleiterIn,AT33,Tirol,2023,746.0,False
285,269,Betriebs- und UnternehmensleiterIn,AT33,Tirol,2024,736.0,False
285,269,Betriebs- und UnternehmensleiterIn,AT33,Tirol,2025,642.0,False
285,269,Betriebs- und UnternehmensleiterIn,AT34,Vorarlberg,2020,275.0,False
285,269,Betriebs- und UnternehmensleiterIn,AT34,Vorarlberg,2021,321.0,False
285,269,Betriebs- und UnternehmensleiterIn,AT34,Vorarlberg,2022,506.0,False
285,269,Betriebs- und UnternehmensleiterIn,AT34,Vorarlberg,2023,418.0,False
285,269,Betriebs- und UnternehmensleiterIn,AT34,Vorarlberg,2024,321.0,False
285,269,Betriebs- und UnternehmensleiterIn,AT34,Vorarlberg,2025,275.0,False
285,872,BetriebswirtIn,AT,Österreich,2020,5006.0,False
285,872,BetriebswirtIn,AT,Österreich,2021,6542.0,False
285,872,BetriebswirtIn,AT,Österreich,2022,8183.0,False
285,872,BetriebswirtIn,AT,Österreich,2023,6526.0,False
285,872,BetriebswirtIn,AT,Österreich,2024,5215.0,False
285,872,BetriebswirtIn,AT,Österreich,2025,3912.0,False
285,872,BetriebswirtIn,AT11,Burgenland,2020,48.0,False
285,872,BetriebswirtIn,AT11,Burgenland,2021,88.0,False
285,872,BetriebswirtIn,AT11,Burgenland,2022,131.0,False
285,872,BetriebswirtIn,AT11,Burgenland,2023,114.0,False
285,872,BetriebswirtIn,AT11,Burgenland,2024,114.0,False
285,872,BetriebswirtIn,AT11,Burgenland,2025,36.0,False
285,872,BetriebswirtIn,AT12,Niederösterreich,2020,527.0,False
285,872,BetriebswirtIn,AT12,Niederösterreich,2021,769.0,False
285,872,BetriebswirtIn,AT12,Niederösterreich,2022,1079.0,False
285,872,BetriebswirtIn,AT12,Niederösterreich,2023,984.0,False
285,872,BetriebswirtIn,AT12,Niederösterreich,2024,736.0,False
285,872,BetriebswirtIn,AT12,Niederösterreich,2025,549.0,False
285,872,BetriebswirtIn,AT13,Wien,2020,618.0,False
285,872,BetriebswirtIn,AT13,Wien,2021,992.0,False
285,872,BetriebswirtIn,AT13,Wien,2022,1446.0,False
285,872,BetriebswirtIn,AT13,Wien,2023,1251.0,False
285,872,BetriebswirtIn,AT13,Wien,2024,1024.0,False
285,872,BetriebswirtIn,AT13,Wien,2025,761.0,False
285,872,BetriebswirtIn,AT21,Kärnten,2020,148.0,False
285,872,BetriebswirtIn,AT21,Kärnten,2021,251.0,False
285,872,BetriebswirtIn,AT21,Kärnten,2022,303.0,False
285,872,BetriebswirtIn,AT21,Kärnten,2023,318.0,False
285,872,BetriebswirtIn,AT21,Kärnten,2024,248.0,False
285,872,BetriebswirtIn,AT21,Kärnten,2025,205.0,False
285,872,BetriebswirtIn,AT22,Steiermark,2020,452.0,False
285,872,BetriebswirtIn,AT22,Steiermark,2021,702.0,False
285,872,BetriebswirtIn,AT22,Steiermark,2022,1012.0,False
285,872,BetriebswirtIn,AT22,Steiermark,2023,777.0,False
285,872,BetriebswirtIn,AT22,Steiermark,2024,623.0,False
285,872,BetriebswirtIn,AT22,Steiermark,2025,459.0,False
285,872,BetriebswirtIn,AT31,Oberösterreich,2020,681.0,False
285,872,BetriebswirtIn,AT31,Oberösterreich,2021,1130.0,False
285,872,BetriebswirtIn,AT31,Oberösterreich,2022,1555.0,False
285,872,BetriebswirtIn,AT31,Oberösterreich,2023,1210.0,False
285,872,BetriebswirtIn,AT31,Oberösterreich,2024,922.0,False
285,872,BetriebswirtIn,AT31,Oberösterreich,2025,666.0,False
285,872,BetriebswirtIn,AT32,Salzburg,2020,303.0,False
285,872,BetriebswirtIn,AT32,Salzburg,2021,461.0,False
285,872,BetriebswirtIn,AT32,Salzburg,2022,679.0,False
285,872,BetriebswirtIn,AT32,Salzburg,2023,479.0,False
285,872,BetriebswirtIn,AT32,Salzburg,2024,445.0,False
285,872,BetriebswirtIn,AT32,Salzburg,2025,339.0,False
285,872,BetriebswirtIn,AT33,Tirol,2020,412.0,False
285,872,BetriebswirtIn,AT33,Tirol,2021,493.0,False
285,872,BetriebswirtIn,AT33,Tirol,2022,771.0,False
285,872,BetriebswirtIn,AT33,Tirol,2023,656.0,False
285,872,BetriebswirtIn,AT33,Tirol,2024,517.0,False
285,872,BetriebswirtIn,AT33,Tirol,2025,468.0,False
285,872,BetriebswirtIn,AT34,Vorarlberg,2020,200.0,False
285,872,BetriebswirtIn,AT34,Vorarlberg,2021,332.0,False
285,872,BetriebswirtIn,AT34,Vorarlberg,2022,424.0,False
285,872,BetriebswirtIn,AT34,Vorarlberg,2023,350.0,False
285,872,BetriebswirtIn,AT34,Vorarlberg,2024,273.0,False
285,872,BetriebswirtIn,AT34,Vorarlberg,2025,179.0,False
285,1278,Business-Development-ManagerIn,AT,Österreich,2020,2889.0,False
285,1278,Business-Development-ManagerIn,AT,Österreich,2021,3617.0,False
285,1278,Business-Development-ManagerIn,AT,Österreich,2022,4644.0,False
285,1278,Business-Development-ManagerIn,AT,Österreich,2023,3856.0,False
285,1278,Business-Development-ManagerIn,AT,Österreich,2024,2771.0,False
285,1278,Business-Development-ManagerIn,AT,Österreich,2025,2086.0,False
285,1278,Business-Development-ManagerIn,AT11,Burgenland,2020,,True
285,1278,Business-Development-ManagerIn,AT11,Burgenland,2021,20.0,False
285,1278,Business-Development-ManagerIn,AT11,Burgenland,2022,24.0,False
285,1278,Business-Development-ManagerIn,AT11,Burgenland,2023,26.0,False
285,1278,Business-Development-ManagerIn,AT11,Burgenland,2024,20.0,False
285,1278,Business-Development-ManagerIn,AT11,Burgenland,2025,,True
285,1278,Business-Development-ManagerIn,AT12,Niederösterreich,2020,168.0,False
285,1278,Business-Development-ManagerIn,AT12,Niederösterreich,2021,257.0,False
285,1278,Business-Development-ManagerIn,AT12,Niederösterreich,2022,368.0,False
285,1278,Business-Development-ManagerIn,AT12,Niederösterreich,2023,250.0,False
285,1278,Business-Development-ManagerIn,AT12,Niederösterreich,2024,220.0,False
285,1278,Business-Development-ManagerIn,AT12,Niederösterreich,2025,163.0,False
285,1278,Business-Development-ManagerIn,AT13,Wien,2020,783.0,False
285,1278,Business-Development-ManagerIn,AT13,Wien,2021,1297.0,False
285,1278,Business-Development-ManagerIn,AT13,Wien,2022,1849.0,False
285,1278,Business-Development-ManagerIn,AT13,Wien,2023,1681.0,False
285,1278,Business-Development-ManagerIn,AT13,Wien,2024,1175.0,False
285,1278,Business-Development-ManagerIn,AT13,Wien,2025,821.0,False
285,1278,Business-Development-ManagerIn,AT21,Kärnten,2020,34.0,False
285,1278,Business-Development-ManagerIn,AT21,Kärnten,2021,78.0,False
285,1278,Business-Development-ManagerIn,AT21,Kärnten,2022,157.0,False
285,1278,Business-Development-ManagerIn,AT21,Kärnten,2023,108.0,False
285,1278,Business-Development-ManagerIn,AT21,Kärnten,2024,90.0,False
285,1278,Business-Development-ManagerIn,AT21,Kärnten,2025,54.0,False
285,1278,Business-Development-ManagerIn,AT22,Steiermark,2020,179.0,False
285,1278,Business-Development-ManagerIn,AT22,Steiermark,2021,265.0,False
285,1278,Business-Development-ManagerIn,AT22,Steiermark,2022,332.0,False
285,1278,Business-Development-ManagerIn,AT22,Steiermark,2023,325.0,False
285,1278,Business-Development-ManagerIn,AT22,Steiermark,2024,197.0,False
285,1278,Business-Development-ManagerIn,AT22,Steiermark,2025,210.0,False
285,1278,Business-Development-ManagerIn,AT31,Oberösterreich,2020,251.0,False
285,1278,Business-Development-ManagerIn,AT31,Oberösterreich,2021,326.0,False
285,1278,Business-Development-ManagerIn,AT31,Oberösterreich,2022,581.0,False
285,1278,Business-Development-ManagerIn,AT31,Oberösterreich,2023,535.0,False
285,1278,Business-Development-ManagerIn,AT31,Oberösterreich,2024,359.0,False
285,1278,Business-Development-ManagerIn,AT31,Oberösterreich,2025,278.0,False
285,1278,Business-Development-ManagerIn,AT32,Salzburg,2020,116.0,False
285,1278,Business-Development-ManagerIn,AT32,Salzburg,2021,207.0,False
285,1278,Business-Development-ManagerIn,AT32,Salzburg,2022,343.0,False
285,1278,Business-Development-ManagerIn,AT32,Salzburg,2023,225.0,False
285,1278,Business-Development-ManagerIn,AT32,Salzburg,2024,170.0,False
285,1278,Business-Development-ManagerIn,AT32,Salzburg,2025,149.0,False
285,1278,Business-Development-ManagerIn,AT33,Tirol,2020,78.0,False
285,1278,Business-Development-ManagerIn,AT33,Tirol,2021,131.0,False
285,1278,Business-Development-ManagerIn,AT33,Tirol,2022,197.0,False
285,1278,Business-Development-ManagerIn,AT33,Tirol,2023,137.0,False
285,1278,Business-Development-ManagerIn,AT33,Tirol,2024,136.0,False
285,1278,Business-Development-ManagerIn,AT33,Tirol,2025,126.0,False
285,1278,Business-Development-ManagerIn,AT34,Vorarlberg,2020,77.0,False
285,1278,Business-Development-ManagerIn,AT34,Vorarlberg,2021,136.0,False
285,1278,Business-Development-ManagerIn,AT34,Vorarlberg,2022,193.0,False
285,1278,Business-Development-ManagerIn,AT34,Vorarlberg,2023,187.0,False
285,1278,Business-Development-ManagerIn,AT34,Vorarlberg,2024,132.0,False
285,1278,Business-Development-ManagerIn,AT34,Vorarlberg,2025,73.0,False
285,1250,Compliance-ManagerIn,AT,Österreich,2020,1206.0,False
285,1250,Compliance-ManagerIn,AT,Österreich,2021,1369.0,False
285,1250,Compliance-ManagerIn,AT,Österreich,2022,1394.0,False
285,1250,Compliance-ManagerIn,AT,Österreich,2023,1346.0,False
285,1250,Compliance-ManagerIn,AT,Österreich,2024,916.0,False
285,1250,Compliance-ManagerIn,AT,Österreich,2025,1053.0,False
285,1250,Compliance-ManagerIn,AT11,Burgenland,2020,,True
285,1250,Compliance-ManagerIn,AT11,Burgenland,2021,,True
285,1250,Compliance-ManagerIn,AT11,Burgenland,2022,,True
285,1250,Compliance-ManagerIn,AT11,Burgenland,2023,,True
285,1250,Compliance-ManagerIn,AT11,Burgenland,2024,,True
285,1250,Compliance-ManagerIn,AT11,Burgenland,2025,,True
285,1250,Compliance-ManagerIn,AT12,Niederösterreich,2020,58.0,False
285,1250,Compliance-ManagerIn,AT12,Niederösterreich,2021,105.0,False
285,1250,Compliance-ManagerIn,AT12,Niederösterreich,2022,113.0,False
285,1250,Compliance-ManagerIn,AT12,Niederösterreich,2023,84.0,False
285,1250,Compliance-ManagerIn,AT12,Niederösterreich,2024,43.0,False
285,1250,Compliance-ManagerIn,AT12,Niederösterreich,2025,71.0,False
285,1250,Compliance-ManagerIn,AT13,Wien,2020,301.0,False
285,1250,Compliance-ManagerIn,AT13,Wien,2021,504.0,False
285,1250,Compliance-ManagerIn,AT13,Wien,2022,548.0,False
285,1250,Compliance-ManagerIn,AT13,Wien,2023,605.0,False
285,1250,Compliance-ManagerIn,AT13,Wien,2024,414.0,False
285,1250,Compliance-ManagerIn,AT13,Wien,2025,462.0,False
285,1250,Compliance-ManagerIn,AT21,Kärnten,2020,,True
285,1250,Compliance-ManagerIn,AT21,Kärnten,2021,,True
285,1250,Compliance-ManagerIn,AT21,Kärnten,2022,78.0,False
285,1250,Compliance-ManagerIn,AT21,Kärnten,2023,66.0,False
285,1250,Compliance-ManagerIn,AT21,Kärnten,2024,26.0,False
285,1250,Compliance-ManagerIn,AT21,Kärnten,2025,25.0,False
285,1250,Compliance-ManagerIn,AT22,Steiermark,2020,27.0,False
285,1250,Compliance-ManagerIn,AT22,Steiermark,2021,59.0,False
285,1250,Compliance-ManagerIn,AT22,Steiermark,2022,79.0,False
285,1250,Compliance-ManagerIn,AT22,Steiermark,2023,63.0,False
285,1250,Compliance-ManagerIn,AT22,Steiermark,2024,54.0,False
285,1250,Compliance-ManagerIn,AT22,Steiermark,2025,74.0,False
285,1250,Compliance-ManagerIn,AT31,Oberösterreich,2020,46.0,False
285,1250,Compliance-ManagerIn,AT31,Oberösterreich,2021,68.0,False
285,1250,Compliance-ManagerIn,AT31,Oberösterreich,2022,148.0,False
285,1250,Compliance-ManagerIn,AT31,Oberösterreich,2023,139.0,False
285,1250,Compliance-ManagerIn,AT31,Oberösterreich,2024,106.0,False
285,1250,Compliance-ManagerIn,AT31,Oberösterreich,2025,148.0,False
285,1250,Compliance-ManagerIn,AT32,Salzburg,2020,27.0,False
285,1250,Compliance-ManagerIn,AT32,Salzburg,2021,68.0,False
285,1250,Compliance-ManagerIn,AT32,Salzburg,2022,103.0,False
285,1250,Compliance-ManagerIn,AT32,Salzburg,2023,89.0,False
285,1250,Compliance-ManagerIn,AT32,Salzburg,2024,51.0,False
285,1250,Compliance-ManagerIn,AT32,Salzburg,2025,65.0,False
285,1250,Compliance-ManagerIn,AT33,Tirol,2020,64.0,False
285,1250,Compliance-ManagerIn,AT33,Tirol,2021,73.0,False
285,1250,Compliance-ManagerIn,AT33,Tirol,2022,104.0,False
285,1250,Compliance-ManagerIn,AT33,Tirol,2023,97.0,False
285,1250,Compliance-ManagerIn,AT33,Tirol,2024,85.0,False
285,1250,Compliance-ManagerIn,AT33,Tirol,2025,91.0,False
285,1250,Compliance-ManagerIn,AT34,Vorarlberg,2020,,True
285,1250,Compliance-ManagerIn,AT34,Vorarlberg,2021,24.0,False
285,1250,Compliance-ManagerIn,AT34,Vorarlberg,2022,49.0,False
285,1250,Compliance-ManagerIn,AT34,Vorarlberg,2023,31.0,False
285,1250,Compliance-ManagerIn,AT34,Vorarlberg,2024,34.0,False
285,1250,Compliance-ManagerIn,AT34,Vorarlberg,2025,,True
285,1239,FinanzmanagerIn,AT,Österreich,2020,2868.0,False
285,1239,FinanzmanagerIn,AT,Österreich,2021,3103.0,False
285,1239,FinanzmanagerIn,AT,Österreich,2022,3804.0,False
285,1239,FinanzmanagerIn,AT,Österreich,2023,3509.0,False
285,1239,FinanzmanagerIn,AT,Österreich,2024,2963.0,False
285,1239,FinanzmanagerIn,AT,Österreich,2025,2608.0,False
285,1239,FinanzmanagerIn,AT11,Burgenland,2020,,True
285,1239,FinanzmanagerIn,AT11,Burgenland,2021,,True
285,1239,FinanzmanagerIn,AT11,Burgenland,2022,26.0,False
285,1239,FinanzmanagerIn,AT11,Burgenland,2023,,True
285,1239,FinanzmanagerIn,AT11,Burgenland,2024,,True
285,1239,FinanzmanagerIn,AT11,Burgenland,2025,,True
285,1239,FinanzmanagerIn,AT12,Niederösterreich,2020,142.0,False
285,1239,FinanzmanagerIn,AT12,Niederösterreich,2021,233.0,False
285,1239,FinanzmanagerIn,AT12,Niederösterreich,2022,327.0,False
285,1239,FinanzmanagerIn,AT12,Niederösterreich,2023,228.0,False
285,1239,FinanzmanagerIn,AT12,Niederösterreich,2024,205.0,False
285,1239,FinanzmanagerIn,AT12,Niederösterreich,2025,180.0,False
285,1239,FinanzmanagerIn,AT13,Wien,2020,699.0,False
285,1239,FinanzmanagerIn,AT13,Wien,2021,909.0,False
285,1239,FinanzmanagerIn,AT13,Wien,2022,1326.0,False
285,1239,FinanzmanagerIn,AT13,Wien,2023,1495.0,False
285,1239,FinanzmanagerIn,AT13,Wien,2024,1200.0,False
285,1239,FinanzmanagerIn,AT13,Wien,2025,1017.0,False
285,1239,FinanzmanagerIn,AT21,Kärnten,2020,47.0,False
285,1239,FinanzmanagerIn,AT21,Kärnten,2021,84.0,False
285,1239,FinanzmanagerIn,AT21,Kärnten,2022,164.0,False
285,1239,FinanzmanagerIn,AT21,Kärnten,2023,135.0,False
285,1239,FinanzmanagerIn,AT21,Kärnten,2024,88.0,False
285,1239,FinanzmanagerIn,AT21,Kärnten,2025,83.0,False
285,1239,FinanzmanagerIn,AT22,Steiermark,2020,166.0,False
285,1239,FinanzmanagerIn,AT22,Steiermark,2021,214.0,False
285,1239,FinanzmanagerIn,AT22,Steiermark,2022,290.0,False
285,1239,FinanzmanagerIn,AT22,Steiermark,2023,248.0,False
285,1239,FinanzmanagerIn,AT22,Steiermark,2024,272.0,False
285,1239,FinanzmanagerIn,AT22,Steiermark,2025,252.0,False
285,1239,FinanzmanagerIn,AT31,Oberösterreich,2020,267.0,False
285,1239,FinanzmanagerIn,AT31,Oberösterreich,2021,362.0,False
285,1239,FinanzmanagerIn,AT31,Oberösterreich,2022,540.0,False
285,1239,FinanzmanagerIn,AT31,Oberösterreich,2023,458.0,False
285,1239,FinanzmanagerIn,AT31,Oberösterreich,2024,368.0,False
285,1239,FinanzmanagerIn,AT31,Oberösterreich,2025,317.0,False
285,1239,FinanzmanagerIn,AT32,Salzburg,2020,141.0,False
285,1239,FinanzmanagerIn,AT32,Salzburg,2021,219.0,False
285,1239,FinanzmanagerIn,AT32,Salzburg,2022,336.0,False
285,1239,FinanzmanagerIn,AT32,Salzburg,2023,283.0,False
285,1239,FinanzmanagerIn,AT32,Salzburg,2024,245.0,False
285,1239,FinanzmanagerIn,AT32,Salzburg,2025,210.0,False
285,1239,FinanzmanagerIn,AT33,Tirol,2020,127.0,False
285,1239,FinanzmanagerIn,AT33,Tirol,2021,179.0,False
285,1239,FinanzmanagerIn,AT33,Tirol,2022,231.0,False
285,1239,FinanzmanagerIn,AT33,Tirol,2023,209.0,False
285,1239,FinanzmanagerIn,AT33,Tirol,2024,190.0,False
285,1239,FinanzmanagerIn,AT33,Tirol,2025,228.0,False
285,1239,FinanzmanagerIn,AT34,Vorarlberg,2020,84.0,False
285,1239,FinanzmanagerIn,AT34,Vorarlberg,2021,121.0,False
285,1239,FinanzmanagerIn,AT34,Vorarlberg,2022,181.0,False
285,1239,FinanzmanagerIn,AT34,Vorarlberg,2023,111.0,False
285,1239,FinanzmanagerIn,AT34,Vorarlberg,2024,108.0,False
285,1239,FinanzmanagerIn,AT34,Vorarlberg,2025,82.0,False
285,1191,Human-Resources-ManagerIn,AT,Österreich,2020,7515.0,False
285,1191,Human-Resources-ManagerIn,AT,Österreich,2021,12191.0,False
285,1191,Human-Resources-ManagerIn,AT,Österreich,2022,17076.0,False
285,1191,Human-Resources-ManagerIn,AT,Österreich,2023,13157.0,False
285,1191,Human-Resources-ManagerIn,AT,Österreich,2024,10060.0,False
285,1191,Human-Resources-ManagerIn,AT,Österreich,2025,8326.0,False
285,1191,Human-Resources-ManagerIn,AT11,Burgenland,2020,49.0,False
285,1191,Human-Resources-ManagerIn,AT11,Burgenland,2021,104.0,False
285,1191,Human-Resources-ManagerIn,AT11,Burgenland,2022,144.0,False
285,1191,Human-Resources-ManagerIn,AT11,Burgenland,2023,78.0,False
285,1191,Human-Resources-ManagerIn,AT11,Burgenland,2024,107.0,False
285,1191,Human-Resources-ManagerIn,AT11,Burgenland,2025,99.0,False
285,1191,Human-Resources-ManagerIn,AT12,Niederösterreich,2020,477.0,False
285,1191,Human-Resources-ManagerIn,AT12,Niederösterreich,2021,1083.0,False
285,1191,Human-Resources-ManagerIn,AT12,Niederösterreich,2022,1749.0,False
285,1191,Human-Resources-ManagerIn,AT12,Niederösterreich,2023,1325.0,False
285,1191,Human-Resources-ManagerIn,AT12,Niederösterreich,2024,975.0,False
285,1191,Human-Resources-ManagerIn,AT12,Niederösterreich,2025,873.0,False
285,1191,Human-Resources-ManagerIn,AT13,Wien,2020,1517.0,False
285,1191,Human-Resources-ManagerIn,AT13,Wien,2021,3089.0,False
285,1191,Human-Resources-ManagerIn,AT13,Wien,2022,5002.0,False
285,1191,Human-Resources-ManagerIn,AT13,Wien,2023,4359.0,False
285,1191,Human-Resources-ManagerIn,AT13,Wien,2024,3192.0,False
285,1191,Human-Resources-ManagerIn,AT13,Wien,2025,2426.0,False
285,1191,Human-Resources-ManagerIn,AT21,Kärnten,2020,136.0,False
285,1191,Human-Resources-ManagerIn,AT21,Kärnten,2021,297.0,False
285,1191,Human-Resources-ManagerIn,AT21,Kärnten,2022,514.0,False
285,1191,Human-Resources-ManagerIn,AT21,Kärnten,2023,445.0,False
285,1191,Human-Resources-ManagerIn,AT21,Kärnten,2024,319.0,False
285,1191,Human-Resources-ManagerIn,AT21,Kärnten,2025,287.0,False
285,1191,Human-Resources-ManagerIn,AT22,Steiermark,2020,540.0,False
285,1191,Human-Resources-ManagerIn,AT22,Steiermark,2021,1141.0,False
285,1191,Human-Resources-ManagerIn,AT22,Steiermark,2022,1836.0,False
285,1191,Human-Resources-ManagerIn,AT22,Steiermark,2023,1173.0,False
285,1191,Human-Resources-ManagerIn,AT22,Steiermark,2024,978.0,False
285,1191,Human-Resources-ManagerIn,AT22,Steiermark,2025,875.0,False
285,1191,Human-Resources-ManagerIn,AT31,Oberösterreich,2020,787.0,False
285,1191,Human-Resources-ManagerIn,AT31,Oberösterreich,2021,1820.0,False
285,1191,Human-Resources-ManagerIn,AT31,Oberösterreich,2022,3186.0,False
285,1191,Human-Resources-ManagerIn,AT31,Oberösterreich,2023,2393.0,False
285,1191,Human-Resources-ManagerIn,AT31,Oberösterreich,2024,1652.0,False
285,1191,Human-Resources-ManagerIn,AT31,Oberösterreich,2025,1507.0,False
285,1191,Human-Resources-ManagerIn,AT32,Salzburg,2020,445.0,False
285,1191,Human-Resources-ManagerIn,AT32,Salzburg,2021,749.0,False
285,1191,Human-Resources-ManagerIn,AT32,Salzburg,2022,1198.0,False
285,1191,Human-Resources-ManagerIn,AT32,Salzburg,2023,954.0,False
285,1191,Human-Resources-ManagerIn,AT32,Salzburg,2024,699.0,False
285,1191,Human-Resources-ManagerIn,AT32,Salzburg,2025,606.0,False
285,1191,Human-Resources-ManagerIn,AT33,Tirol,2020,369.0,False
285,1191,Human-Resources-ManagerIn,AT33,Tirol,2021,690.0,False
285,1191,Human-Resources-ManagerIn,AT33,Tirol,2022,989.0,False
285,1191,Human-Resources-ManagerIn,AT33,Tirol,2023,735.0,False
285,1191,Human-Resources-ManagerIn,AT33,Tirol,2024,650.0,False
285,1191,Human-Resources-ManagerIn,AT33,Tirol,2025,545.0,False
285,1191,Human-Resources-ManagerIn,AT34,Vorarlberg,2020,209.0,False
285,1191,Human-Resources-ManagerIn,AT34,Vorarlberg,2021,420.0,False
285,1191,Human-Resources-ManagerIn,AT34,Vorarlberg,2022,732.0,False
285,1191,Human-Resources-ManagerIn,AT34,Vorarlberg,2023,596.0,False
285,1191,Human-Resources-ManagerIn,AT34,Vorarlberg,2024,525.0,False
285,1191,Human-Resources-ManagerIn,AT34,Vorarlberg,2025,359.0,False
285,1192,Kultur- und EventmanagerIn,AT,Österreich,2020,665.0,False
285,1192,Kultur- und EventmanagerIn,AT,Österreich,2021,1101.0,False
285,1192,Kultur- und EventmanagerIn,AT,Österreich,2022,1672.0,False
285,1192,Kultur- und EventmanagerIn,AT,Österreich,2023,1490.0,False
285,1192,Kultur- und EventmanagerIn,AT,Österreich,2024,1105.0,False
285,1192,Kultur- und EventmanagerIn,AT,Österreich,2025,1166.0,False
285,1192,Kultur- und EventmanagerIn,AT11,Burgenland,2020,,True
285,1192,Kultur- und EventmanagerIn,AT11,Burgenland,2021,,True
285,1192,Kultur- und EventmanagerIn,AT11,Burgenland,2022,33.0,False
285,1192,Kultur- und EventmanagerIn,AT11,Burgenland,2023,,True
285,1192,Kultur- und EventmanagerIn,AT11,Burgenland,2024,,True
285,1192,Kultur- und EventmanagerIn,AT11,Burgenland,2025,26.0,False
285,1192,Kultur- und EventmanagerIn,AT12,Niederösterreich,2020,61.0,False
285,1192,Kultur- und EventmanagerIn,AT12,Niederösterreich,2021,67.0,False
285,1192,Kultur- und EventmanagerIn,AT12,Niederösterreich,2022,156.0,False
285,1192,Kultur- und EventmanagerIn,AT12,Niederösterreich,2023,122.0,False
285,1192,Kultur- und EventmanagerIn,AT12,Niederösterreich,2024,81.0,False
285,1192,Kultur- und EventmanagerIn,AT12,Niederösterreich,2025,99.0,False
285,1192,Kultur- und EventmanagerIn,AT13,Wien,2020,174.0,False
285,1192,Kultur- und EventmanagerIn,AT13,Wien,2021,386.0,False
285,1192,Kultur- und EventmanagerIn,AT13,Wien,2022,624.0,False
285,1192,Kultur- und EventmanagerIn,AT13,Wien,2023,555.0,False
285,1192,Kultur- und EventmanagerIn,AT13,Wien,2024,401.0,False
285,1192,Kultur- und EventmanagerIn,AT13,Wien,2025,331.0,False
285,1192,Kultur- und EventmanagerIn,AT21,Kärnten,2020,,True
285,1192,Kultur- und EventmanagerIn,AT21,Kärnten,2021,31.0,False
285,1192,Kultur- und EventmanagerIn,AT21,Kärnten,2022,52.0,False
285,1192,Kultur- und EventmanagerIn,AT21,Kärnten,2023,43.0,False
285,1192,Kultur- und EventmanagerIn,AT21,Kärnten,2024,32.0,False
285,1192,Kultur- und EventmanagerIn,AT21,Kärnten,2025,28.0,False
285,1192,Kultur- und EventmanagerIn,AT22,Steiermark,2020,34.0,False
285,1192,Kultur- und EventmanagerIn,AT22,Steiermark,2021,71.0,False
285,1192,Kultur- und EventmanagerIn,AT22,Steiermark,2022,97.0,False
285,1192,Kultur- und EventmanagerIn,AT22,Steiermark,2023,70.0,False
285,1192,Kultur- und EventmanagerIn,AT22,Steiermark,2024,78.0,False
285,1192,Kultur- und EventmanagerIn,AT22,Steiermark,2025,104.0,False
285,1192,Kultur- und EventmanagerIn,AT31,Oberösterreich,2020,60.0,False
285,1192,Kultur- und EventmanagerIn,AT31,Oberösterreich,2021,96.0,False
285,1192,Kultur- und EventmanagerIn,AT31,Oberösterreich,2022,158.0,False
285,1192,Kultur- und EventmanagerIn,AT31,Oberösterreich,2023,148.0,False
285,1192,Kultur- und EventmanagerIn,AT31,Oberösterreich,2024,96.0,False
285,1192,Kultur- und EventmanagerIn,AT31,Oberösterreich,2025,124.0,False
285,1192,Kultur- und EventmanagerIn,AT32,Salzburg,2020,58.0,False
285,1192,Kultur- und EventmanagerIn,AT32,Salzburg,2021,81.0,False
285,1192,Kultur- und EventmanagerIn,AT32,Salzburg,2022,149.0,False
285,1192,Kultur- und EventmanagerIn,AT32,Salzburg,2023,157.0,False
285,1192,Kultur- und EventmanagerIn,AT32,Salzburg,2024,135.0,False
285,1192,Kultur- und EventmanagerIn,AT32,Salzburg,2025,179.0,False
285,1192,Kultur- und EventmanagerIn,AT33,Tirol,2020,46.0,False
285,1192,Kultur- und EventmanagerIn,AT33,Tirol,2021,87.0,False
285,1192,Kultur- und EventmanagerIn,AT33,Tirol,2022,112.0,False
285,1192,Kultur- und EventmanagerIn,AT33,Tirol,2023,95.0,False
285,1192,Kultur- und EventmanagerIn,AT33,Tirol,2024,86.0,False
285,1192,Kultur- und EventmanagerIn,AT33,Tirol,2025,117.0,False
285,1192,Kultur- und EventmanagerIn,AT34,Vorarlberg,2020,,True
285,1192,Kultur- und EventmanagerIn,AT34,Vorarlberg,2021,32.0,False
285,1192,Kultur- und EventmanagerIn,AT34,Vorarlberg,2022,60.0,False
285,1192,Kultur- und EventmanagerIn,AT34,Vorarlberg,2023,52.0,False
285,1192,Kultur- und EventmanagerIn,AT34,Vorarlberg,2024,51.0,False
285,1192,Kultur- und EventmanagerIn,AT34,Vorarlberg,2025,55.0,False
285,1296,Operations ManagerIn,AT,Österreich,2020,1528.0,False
285,1296,Operations ManagerIn,AT,Österreich,2021,1992.0,False
285,1296,Operations ManagerIn,AT,Österreich,2022,2629.0,False
285,1296,Operations ManagerIn,AT,Österreich,2023,2182.0,False
285,1296,Operations ManagerIn,AT,Österreich,2024,1587.0,False
285,1296,Operations ManagerIn,AT,Österreich,2025,1368.0,False
285,1296,Operations ManagerIn,AT11,Burgenland,2020,,True
285,1296,Operations ManagerIn,AT11,Burgenland,2021,,True
285,1296,Operations ManagerIn,AT11,Burgenland,2022,20.0,False
285,1296,Operations ManagerIn,AT11,Burgenland,2023,,True
285,1296,Operations ManagerIn,AT11,Burgenland,2024,,True
285,1296,Operations ManagerIn,AT11,Burgenland,2025,22.0,False
285,1296,Operations ManagerIn,AT12,Niederösterreich,2020,116.0,False
285,1296,Operations ManagerIn,AT12,Niederösterreich,2021,164.0,False
285,1296,Operations ManagerIn,AT12,Niederösterreich,2022,298.0,False
285,1296,Operations ManagerIn,AT12,Niederösterreich,2023,207.0,False
285,1296,Operations ManagerIn,AT12,Niederösterreich,2024,132.0,False
285,1296,Operations ManagerIn,AT12,Niederösterreich,2025,154.0,False
285,1296,Operations ManagerIn,AT13,Wien,2020,323.0,False
285,1296,Operations ManagerIn,AT13,Wien,2021,552.0,False
285,1296,Operations ManagerIn,AT13,Wien,2022,776.0,False
285,1296,Operations ManagerIn,AT13,Wien,2023,710.0,False
285,1296,Operations ManagerIn,AT13,Wien,2024,531.0,False
285,1296,Operations ManagerIn,AT13,Wien,2025,416.0,False
285,1296,Operations ManagerIn,AT21,Kärnten,2020,25.0,False
285,1296,Operations ManagerIn,AT21,Kärnten,2021,39.0,False
285,1296,Operations ManagerIn,AT21,Kärnten,2022,104.0,False
285,1296,Operations ManagerIn,AT21,Kärnten,2023,74.0,False
285,1296,Operations ManagerIn,AT21,Kärnten,2024,43.0,False
285,1296,Operations ManagerIn,AT21,Kärnten,2025,34.0,False
285,1296,Operations ManagerIn,AT22,Steiermark,2020,69.0,False
285,1296,Operations ManagerIn,AT22,Steiermark,2021,131.0,False
285,1296,Operations ManagerIn,AT22,Steiermark,2022,262.0,False
285,1296,Operations ManagerIn,AT22,Steiermark,2023,180.0,False
285,1296,Operations ManagerIn,AT22,Steiermark,2024,154.0,False
285,1296,Operations ManagerIn,AT22,Steiermark,2025,91.0,False
285,1296,Operations ManagerIn,AT31,Oberösterreich,2020,117.0,False
285,1296,Operations ManagerIn,AT31,Oberösterreich,2021,223.0,False
285,1296,Operations ManagerIn,AT31,Oberösterreich,2022,359.0,False
285,1296,Operations ManagerIn,AT31,Oberösterreich,2023,333.0,False
285,1296,Operations ManagerIn,AT31,Oberösterreich,2024,207.0,False
285,1296,Operations ManagerIn,AT31,Oberösterreich,2025,201.0,False
285,1296,Operations ManagerIn,AT32,Salzburg,2020,65.0,False
285,1296,Operations ManagerIn,AT32,Salzburg,2021,159.0,False
285,1296,Operations ManagerIn,AT32,Salzburg,2022,197.0,False
285,1296,Operations ManagerIn,AT32,Salzburg,2023,176.0,False
285,1296,Operations ManagerIn,AT32,Salzburg,2024,139.0,False
285,1296,Operations ManagerIn,AT32,Salzburg,2025,133.0,False
285,1296,Operations ManagerIn,AT33,Tirol,2020,78.0,False
285,1296,Operations ManagerIn,AT33,Tirol,2021,98.0,False
285,1296,Operations ManagerIn,AT33,Tirol,2022,176.0,False
285,1296,Operations ManagerIn,AT33,Tirol,2023,158.0,False
285,1296,Operations ManagerIn,AT33,Tirol,2024,155.0,False
285,1296,Operations ManagerIn,AT33,Tirol,2025,121.0,False
285,1296,Operations ManagerIn,AT34,Vorarlberg,2020,65.0,False
285,1296,Operations ManagerIn,AT34,Vorarlberg,2021,98.0,False
285,1296,Operations ManagerIn,AT34,Vorarlberg,2022,130.0,False
285,1296,Operations ManagerIn,AT34,Vorarlberg,2023,100.0,False
285,1296,Operations ManagerIn,AT34,Vorarlberg,2024,69.0,False
285,1296,Operations ManagerIn,AT34,Vorarlberg,2025,73.0,False
285,1242,ProjektassistentIn,AT,Österreich,2020,1115.0,False
285,1242,ProjektassistentIn,AT,Österreich,2021,1508.0,False
285,1242,ProjektassistentIn,AT,Österreich,2022,1642.0,False
285,1242,ProjektassistentIn,AT,Österreich,2023,1381.0,False
285,1242,ProjektassistentIn,AT,Österreich,2024,1050.0,False
285,1242,ProjektassistentIn,AT,Österreich,2025,824.0,False
285,1242,ProjektassistentIn,AT11,Burgenland,2020,,True
285,1242,ProjektassistentIn,AT11,Burgenland,2021,,True
285,1242,ProjektassistentIn,AT11,Burgenland,2022,,True
285,1242,ProjektassistentIn,AT11,Burgenland,2023,,True
285,1242,ProjektassistentIn,AT11,Burgenland,2024,42.0,False
285,1242,ProjektassistentIn,AT11,Burgenland,2025,,True
285,1242,ProjektassistentIn,AT12,Niederösterreich,2020,72.0,False
285,1242,ProjektassistentIn,AT12,Niederösterreich,2021,150.0,False
285,1242,ProjektassistentIn,AT12,Niederösterreich,2022,129.0,False
285,1242,ProjektassistentIn,AT12,Niederösterreich,2023,105.0,False
285,1242,ProjektassistentIn,AT12,Niederösterreich,2024,111.0,False
285,1242,ProjektassistentIn,AT12,Niederösterreich,2025,82.0,False
285,1242,ProjektassistentIn,AT13,Wien,2020,272.0,False
285,1242,ProjektassistentIn,AT13,Wien,2021,405.0,False
285,1242,ProjektassistentIn,AT13,Wien,2022,455.0,False
285,1242,ProjektassistentIn,AT13,Wien,2023,398.0,False
285,1242,ProjektassistentIn,AT13,Wien,2024,339.0,False
285,1242,ProjektassistentIn,AT13,Wien,2025,243.0,False
285,1242,ProjektassistentIn,AT21,Kärnten,2020,41.0,False
285,1242,ProjektassistentIn,AT21,Kärnten,2021,41.0,False
285,1242,ProjektassistentIn,AT21,Kärnten,2022,64.0,False
285,1242,ProjektassistentIn,AT21,Kärnten,2023,63.0,False
285,1242,ProjektassistentIn,AT21,Kärnten,2024,36.0,False
285,1242,ProjektassistentIn,AT21,Kärnten,2025,28.0,False
285,1242,ProjektassistentIn,AT22,Steiermark,2020,127.0,False
285,1242,ProjektassistentIn,AT22,Steiermark,2021,223.0,False
285,1242,ProjektassistentIn,AT22,Steiermark,2022,258.0,False
285,1242,ProjektassistentIn,AT22,Steiermark,2023,232.0,False
285,1242,ProjektassistentIn,AT22,Steiermark,2024,124.0,False
285,1242,ProjektassistentIn,AT22,Steiermark,2025,110.0,False
285,1242,ProjektassistentIn,AT31,Oberösterreich,2020,137.0,False
285,1242,ProjektassistentIn,AT31,Oberösterreich,2021,223.0,False
285,1242,ProjektassistentIn,AT31,Oberösterreich,2022,217.0,False
285,1242,ProjektassistentIn,AT31,Oberösterreich,2023,219.0,False
285,1242,ProjektassistentIn,AT31,Oberösterreich,2024,152.0,False
285,1242,ProjektassistentIn,AT31,Oberösterreich,2025,126.0,False
285,1242,ProjektassistentIn,AT32,Salzburg,2020,37.0,False
285,1242,ProjektassistentIn,AT32,Salzburg,2021,59.0,False
285,1242,ProjektassistentIn,AT32,Salzburg,2022,110.0,False
285,1242,ProjektassistentIn,AT32,Salzburg,2023,60.0,False
285,1242,ProjektassistentIn,AT32,Salzburg,2024,40.0,False
285,1242,ProjektassistentIn,AT32,Salzburg,2025,26.0,False
285,1242,ProjektassistentIn,AT33,Tirol,2020,41.0,False
285,1242,ProjektassistentIn,AT33,Tirol,2021,74.0,False
285,1242,ProjektassistentIn,AT33,Tirol,2022,117.0,False
285,1242,ProjektassistentIn,AT33,Tirol,2023,70.0,False
285,1242,ProjektassistentIn,AT33,Tirol,2024,52.0,False
285,1242,ProjektassistentIn,AT33,Tirol,2025,47.0,False
285,1242,ProjektassistentIn,AT34,Vorarlberg,2020,25.0,False
285,1242,ProjektassistentIn,AT34,Vorarlberg,2021,25.0,False
285,1242,ProjektassistentIn,AT34,Vorarlberg,2022,70.0,False
285,1242,ProjektassistentIn,AT34,Vorarlberg,2023,42.0,False
285,1242,ProjektassistentIn,AT34,Vorarlberg,2024,,True
285,1242,ProjektassistentIn,AT34,Vorarlberg,2025,,True
285,1194,ProjektmanagerIn,AT,Österreich,2020,9079.0,False
285,1194,ProjektmanagerIn,AT,Österreich,2021,12714.0,False
285,1194,ProjektmanagerIn,AT,Österreich,2022,16734.0,False
285,1194,ProjektmanagerIn,AT,Österreich,2023,14577.0,False
285,1194,ProjektmanagerIn,AT,Österreich,2024,11215.0,False
285,1194,ProjektmanagerIn,AT,Österreich,2025,8220.0,False
285,1194,ProjektmanagerIn,AT11,Burgenland,2020,70.0,False
285,1194,ProjektmanagerIn,AT11,Burgenland,2021,90.0,False
285,1194,ProjektmanagerIn,AT11,Burgenland,2022,188.0,False
285,1194,ProjektmanagerIn,AT11,Burgenland,2023,173.0,False
285,1194,ProjektmanagerIn,AT11,Burgenland,2024,142.0,False
285,1194,ProjektmanagerIn,AT11,Burgenland,2025,76.0,False
285,1194,ProjektmanagerIn,AT12,Niederösterreich,2020,661.0,False
285,1194,ProjektmanagerIn,AT12,Niederösterreich,2021,1115.0,False
285,1194,ProjektmanagerIn,AT12,Niederösterreich,2022,1704.0,False
285,1194,ProjektmanagerIn,AT12,Niederösterreich,2023,1524.0,False
285,1194,ProjektmanagerIn,AT12,Niederösterreich,2024,1130.0,False
285,1194,ProjektmanagerIn,AT12,Niederösterreich,2025,899.0,False
285,1194,ProjektmanagerIn,AT13,Wien,2020,1947.0,False
285,1194,ProjektmanagerIn,AT13,Wien,2021,3104.0,False
285,1194,ProjektmanagerIn,AT13,Wien,2022,4432.0,False
285,1194,ProjektmanagerIn,AT13,Wien,2023,4248.0,False
285,1194,ProjektmanagerIn,AT13,Wien,2024,3258.0,False
285,1194,ProjektmanagerIn,AT13,Wien,2025,2277.0,False
285,1194,ProjektmanagerIn,AT21,Kärnten,2020,189.0,False
285,1194,ProjektmanagerIn,AT21,Kärnten,2021,410.0,False
285,1194,ProjektmanagerIn,AT21,Kärnten,2022,639.0,False
285,1194,ProjektmanagerIn,AT21,Kärnten,2023,499.0,False
285,1194,ProjektmanagerIn,AT21,Kärnten,2024,429.0,False
285,1194,ProjektmanagerIn,AT21,Kärnten,2025,337.0,False
285,1194,ProjektmanagerIn,AT22,Steiermark,2020,954.0,False
285,1194,ProjektmanagerIn,AT22,Steiermark,2021,1619.0,False
285,1194,ProjektmanagerIn,AT22,Steiermark,2022,2221.0,False
285,1194,ProjektmanagerIn,AT22,Steiermark,2023,2116.0,False
285,1194,ProjektmanagerIn,AT22,Steiermark,2024,1430.0,False
285,1194,ProjektmanagerIn,AT22,Steiermark,2025,1094.0,False
285,1194,ProjektmanagerIn,AT31,Oberösterreich,2020,1051.0,False
285,1194,ProjektmanagerIn,AT31,Oberösterreich,2021,1761.0,False
285,1194,ProjektmanagerIn,AT31,Oberösterreich,2022,2759.0,False
285,1194,ProjektmanagerIn,AT31,Oberösterreich,2023,2464.0,False
285,1194,ProjektmanagerIn,AT31,Oberösterreich,2024,1915.0,False
285,1194,ProjektmanagerIn,AT31,Oberösterreich,2025,1459.0,False
285,1194,ProjektmanagerIn,AT32,Salzburg,2020,442.0,False
285,1194,ProjektmanagerIn,AT32,Salzburg,2021,828.0,False
285,1194,ProjektmanagerIn,AT32,Salzburg,2022,1211.0,False
285,1194,ProjektmanagerIn,AT32,Salzburg,2023,851.0,False
285,1194,ProjektmanagerIn,AT32,Salzburg,2024,695.0,False
285,1194,ProjektmanagerIn,AT32,Salzburg,2025,605.0,False
285,1194,ProjektmanagerIn,AT33,Tirol,2020,387.0,False
285,1194,ProjektmanagerIn,AT33,Tirol,2021,752.0,False
285,1194,ProjektmanagerIn,AT33,Tirol,2022,972.0,False
285,1194,ProjektmanagerIn,AT33,Tirol,2023,715.0,False
285,1194,ProjektmanagerIn,AT33,Tirol,2024,665.0,False
285,1194,ProjektmanagerIn,AT33,Tirol,2025,471.0,False
285,1194,ProjektmanagerIn,AT34,Vorarlberg,2020,253.0,False
285,1194,ProjektmanagerIn,AT34,Vorarlberg,2021,378.0,False
285,1194,ProjektmanagerIn,AT34,Vorarlberg,2022,708.0,False
285,1194,ProjektmanagerIn,AT34,Vorarlberg,2023,562.0,False
285,1194,ProjektmanagerIn,AT34,Vorarlberg,2024,516.0,False
285,1194,ProjektmanagerIn,AT34,Vorarlberg,2025,272.0,False
285,873,SalesmanagerIn,AT,Österreich,2020,11090.0,False
285,873,SalesmanagerIn,AT,Österreich,2021,14340.0,False
285,873,SalesmanagerIn,AT,Österreich,2022,19429.0,False
285,873,SalesmanagerIn,AT,Österreich,2023,16645.0,False
285,873,SalesmanagerIn,AT,Österreich,2024,12353.0,False
285,873,SalesmanagerIn,AT,Österreich,2025,11334.0,False
285,873,SalesmanagerIn,AT11,Burgenland,2020,117.0,False
285,873,SalesmanagerIn,AT11,Burgenland,2021,142.0,False
285,873,SalesmanagerIn,AT11,Burgenland,2022,249.0,False
285,873,SalesmanagerIn,AT11,Burgenland,2023,176.0,False
285,873,SalesmanagerIn,AT11,Burgenland,2024,147.0,False
285,873,SalesmanagerIn,AT11,Burgenland,2025,145.0,False
285,873,SalesmanagerIn,AT12,Niederösterreich,2020,929.0,False
285,873,SalesmanagerIn,AT12,Niederösterreich,2021,1407.0,False
285,873,SalesmanagerIn,AT12,Niederösterreich,2022,2077.0,False
285,873,SalesmanagerIn,AT12,Niederösterreich,2023,1819.0,False
285,873,SalesmanagerIn,AT12,Niederösterreich,2024,1414.0,False
285,873,SalesmanagerIn,AT12,Niederösterreich,2025,1449.0,False
285,873,SalesmanagerIn,AT13,Wien,2020,2350.0,False
285,873,SalesmanagerIn,AT13,Wien,2021,3594.0,False
285,873,SalesmanagerIn,AT13,Wien,2022,5497.0,False
285,873,SalesmanagerIn,AT13,Wien,2023,5115.0,False
285,873,SalesmanagerIn,AT13,Wien,2024,3454.0,False
285,873,SalesmanagerIn,AT13,Wien,2025,2902.0,False
285,873,SalesmanagerIn,AT21,Kärnten,2020,220.0,False
285,873,SalesmanagerIn,AT21,Kärnten,2021,425.0,False
285,873,SalesmanagerIn,AT21,Kärnten,2022,713.0,False
285,873,SalesmanagerIn,AT21,Kärnten,2023,649.0,False
285,873,SalesmanagerIn,AT21,Kärnten,2024,470.0,False
285,873,SalesmanagerIn,AT21,Kärnten,2025,546.0,False
285,873,SalesmanagerIn,AT22,Steiermark,2020,756.0,False
285,873,SalesmanagerIn,AT22,Steiermark,2021,1177.0,False
285,873,SalesmanagerIn,AT22,Steiermark,2022,1711.0,False
285,873,SalesmanagerIn,AT22,Steiermark,2023,1522.0,False
285,873,SalesmanagerIn,AT22,Steiermark,2024,1221.0,False
285,873,SalesmanagerIn,AT22,Steiermark,2025,1165.0,False
285,873,SalesmanagerIn,AT31,Oberösterreich,2020,1283.0,False
285,873,SalesmanagerIn,AT31,Oberösterreich,2021,1832.0,False
285,873,SalesmanagerIn,AT31,Oberösterreich,2022,2827.0,False
285,873,SalesmanagerIn,AT31,Oberösterreich,2023,2423.0,False
285,873,SalesmanagerIn,AT31,Oberösterreich,2024,1789.0,False
285,873,SalesmanagerIn,AT31,Oberösterreich,2025,1837.0,False
285,873,SalesmanagerIn,AT32,Salzburg,2020,582.0,False
285,873,SalesmanagerIn,AT32,Salzburg,2021,1122.0,False
285,873,SalesmanagerIn,AT32,Salzburg,2022,1763.0,False
285,873,SalesmanagerIn,AT32,Salzburg,2023,1429.0,False
285,873,SalesmanagerIn,AT32,Salzburg,2024,1097.0,False
285,873,SalesmanagerIn,AT32,Salzburg,2025,1016.0,False
285,873,SalesmanagerIn,AT33,Tirol,2020,568.0,False
285,873,SalesmanagerIn,AT33,Tirol,2021,854.0,False
285,873,SalesmanagerIn,AT33,Tirol,2022,1352.0,False
285,873,SalesmanagerIn,AT33,Tirol,2023,1188.0,False
285,873,SalesmanagerIn,AT33,Tirol,2024,1046.0,False
285,873,SalesmanagerIn,AT33,Tirol,2025,889.0,False
285,873,SalesmanagerIn,AT34,Vorarlberg,2020,346.0,False
285,873,SalesmanagerIn,AT34,Vorarlberg,2021,564.0,False
285,873,SalesmanagerIn,AT34,Vorarlberg,2022,872.0,False
285,873,SalesmanagerIn,AT34,Vorarlberg,2023,711.0,False
285,873,SalesmanagerIn,AT34,Vorarlberg,2024,565.0,False
285,873,SalesmanagerIn,AT34,Vorarlberg,2025,398.0,False
285,1245,VerwaltungsmanagerIn,AT,Österreich,2020,2631.0,False
285,1245,VerwaltungsmanagerIn,AT,Österreich,2021,2957.0,False
285,1245,VerwaltungsmanagerIn,AT,Österreich,2022,3226.0,False
285,1245,VerwaltungsmanagerIn,AT,Österreich,2023,2811.0,False
285,1245,VerwaltungsmanagerIn,AT,Österreich,2024,2550.0,False
285,1245,VerwaltungsmanagerIn,AT,Österreich,2025,2086.0,False
285,1245,VerwaltungsmanagerIn,AT11,Burgenland,2020,,True
285,1245,VerwaltungsmanagerIn,AT11,Burgenland,2021,21.0,False
285,1245,VerwaltungsmanagerIn,AT11,Burgenland,2022,33.0,False
285,1245,VerwaltungsmanagerIn,AT11,Burgenland,2023,,True
285,1245,VerwaltungsmanagerIn,AT11,Burgenland,2024,23.0,False
285,1245,VerwaltungsmanagerIn,AT11,Burgenland,2025,,True
285,1245,VerwaltungsmanagerIn,AT12,Niederösterreich,2020,259.0,False
285,1245,VerwaltungsmanagerIn,AT12,Niederösterreich,2021,337.0,False
285,1245,VerwaltungsmanagerIn,AT12,Niederösterreich,2022,414.0,False
285,1245,VerwaltungsmanagerIn,AT12,Niederösterreich,2023,300.0,False
285,1245,VerwaltungsmanagerIn,AT12,Niederösterreich,2024,254.0,False
285,1245,VerwaltungsmanagerIn,AT12,Niederösterreich,2025,219.0,False
285,1245,VerwaltungsmanagerIn,AT13,Wien,2020,559.0,False
285,1245,VerwaltungsmanagerIn,AT13,Wien,2021,692.0,False
285,1245,VerwaltungsmanagerIn,AT13,Wien,2022,814.0,False
285,1245,VerwaltungsmanagerIn,AT13,Wien,2023,845.0,False
285,1245,VerwaltungsmanagerIn,AT13,Wien,2024,670.0,False
285,1245,VerwaltungsmanagerIn,AT13,Wien,2025,540.0,False
285,1245,VerwaltungsmanagerIn,AT21,Kärnten,2020,36.0,False
285,1245,VerwaltungsmanagerIn,AT21,Kärnten,2021,58.0,False
285,1245,VerwaltungsmanagerIn,AT21,Kärnten,2022,157.0,False
285,1245,VerwaltungsmanagerIn,AT21,Kärnten,2023,112.0,False
285,1245,VerwaltungsmanagerIn,AT21,Kärnten,2024,151.0,False
285,1245,VerwaltungsmanagerIn,AT21,Kärnten,2025,75.0,False
285,1245,VerwaltungsmanagerIn,AT22,Steiermark,2020,313.0,False
285,1245,VerwaltungsmanagerIn,AT22,Steiermark,2021,347.0,False
285,1245,VerwaltungsmanagerIn,AT22,Steiermark,2022,326.0,False
285,1245,VerwaltungsmanagerIn,AT22,Steiermark,2023,237.0,False
285,1245,VerwaltungsmanagerIn,AT22,Steiermark,2024,198.0,False
285,1245,VerwaltungsmanagerIn,AT22,Steiermark,2025,186.0,False
285,1245,VerwaltungsmanagerIn,AT31,Oberösterreich,2020,220.0,False
285,1245,VerwaltungsmanagerIn,AT31,Oberösterreich,2021,315.0,False
285,1245,VerwaltungsmanagerIn,AT31,Oberösterreich,2022,447.0,False
285,1245,VerwaltungsmanagerIn,AT31,Oberösterreich,2023,351.0,False
285,1245,VerwaltungsmanagerIn,AT31,Oberösterreich,2024,368.0,False
285,1245,VerwaltungsmanagerIn,AT31,Oberösterreich,2025,326.0,False
285,1245,VerwaltungsmanagerIn,AT32,Salzburg,2020,113.0,False
285,1245,VerwaltungsmanagerIn,AT32,Salzburg,2021,206.0,False
285,1245,VerwaltungsmanagerIn,AT32,Salzburg,2022,227.0,False
285,1245,VerwaltungsmanagerIn,AT32,Salzburg,2023,158.0,False
285,1245,VerwaltungsmanagerIn,AT32,Salzburg,2024,175.0,False
285,1245,VerwaltungsmanagerIn,AT32,Salzburg,2025,136.0,False
285,1245,VerwaltungsmanagerIn,AT33,Tirol,2020,108.0,False
285,1245,VerwaltungsmanagerIn,AT33,Tirol,2021,160.0,False
285,1245,VerwaltungsmanagerIn,AT33,Tirol,2022,226.0,False
285,1245,VerwaltungsmanagerIn,AT33,Tirol,2023,183.0,False
285,1245,VerwaltungsmanagerIn,AT33,Tirol,2024,222.0,False
285,1245,VerwaltungsmanagerIn,AT33,Tirol,2025,183.0,False
285,1245,VerwaltungsmanagerIn,AT34,Vorarlberg,2020,54.0,False
285,1245,VerwaltungsmanagerIn,AT34,Vorarlberg,2021,108.0,False
285,1245,VerwaltungsmanagerIn,AT34,Vorarlberg,2022,143.0,False
285,1245,VerwaltungsmanagerIn,AT34,Vorarlberg,2023,172.0,False
285,1245,VerwaltungsmanagerIn,AT34,Vorarlberg,2024,187.0,False
285,1245,VerwaltungsmanagerIn,AT34,Vorarlberg,2025,116.0,False
286,637,Customer-Relationship-ManagerIn,AT,Österreich,2020,3128.0,False
286,637,Customer-Relationship-ManagerIn,AT,Österreich,2021,4204.0,False
286,637,Customer-Relationship-ManagerIn,AT,Österreich,2022,5418.0,False
286,637,Customer-Relationship-ManagerIn,AT,Österreich,2023,4383.0,False
286,637,Customer-Relationship-ManagerIn,AT,Österreich,2024,3621.0,False
286,637,Customer-Relationship-ManagerIn,AT,Österreich,2025,3313.0,False
286,637,Customer-Relationship-ManagerIn,AT11,Burgenland,2020,31.0,False
286,637,Customer-Relationship-ManagerIn,AT11,Burgenland,2021,39.0,False
286,637,Customer-Relationship-ManagerIn,AT11,Burgenland,2022,55.0,False
286,637,Customer-Relationship-ManagerIn,AT11,Burgenland,2023,58.0,False
286,637,Customer-Relationship-ManagerIn,AT11,Burgenland,2024,65.0,False
286,637,Customer-Relationship-ManagerIn,AT11,Burgenland,2025,39.0,False
286,637,Customer-Relationship-ManagerIn,AT12,Niederösterreich,2020,265.0,False
286,637,Customer-Relationship-ManagerIn,AT12,Niederösterreich,2021,410.0,False
286,637,Customer-Relationship-ManagerIn,AT12,Niederösterreich,2022,527.0,False
286,637,Customer-Relationship-ManagerIn,AT12,Niederösterreich,2023,459.0,False
286,637,Customer-Relationship-ManagerIn,AT12,Niederösterreich,2024,413.0,False
286,637,Customer-Relationship-ManagerIn,AT12,Niederösterreich,2025,415.0,False
286,637,Customer-Relationship-ManagerIn,AT13,Wien,2020,688.0,False
286,637,Customer-Relationship-ManagerIn,AT13,Wien,2021,1127.0,False
286,637,Customer-Relationship-ManagerIn,AT13,Wien,2022,1745.0,False
286,637,Customer-Relationship-ManagerIn,AT13,Wien,2023,1556.0,False
286,637,Customer-Relationship-ManagerIn,AT13,Wien,2024,1201.0,False
286,637,Customer-Relationship-ManagerIn,AT13,Wien,2025,1094.0,False
286,637,Customer-Relationship-ManagerIn,AT21,Kärnten,2020,59.0,False
286,637,Customer-Relationship-ManagerIn,AT21,Kärnten,2021,85.0,False
286,637,Customer-Relationship-ManagerIn,AT21,Kärnten,2022,182.0,False
286,637,Customer-Relationship-ManagerIn,AT21,Kärnten,2023,146.0,False
286,637,Customer-Relationship-ManagerIn,AT21,Kärnten,2024,125.0,False
286,637,Customer-Relationship-ManagerIn,AT21,Kärnten,2025,154.0,False
286,637,Customer-Relationship-ManagerIn,AT22,Steiermark,2020,170.0,False
286,637,Customer-Relationship-ManagerIn,AT22,Steiermark,2021,347.0,False
286,637,Customer-Relationship-ManagerIn,AT22,Steiermark,2022,537.0,False
286,637,Customer-Relationship-ManagerIn,AT22,Steiermark,2023,356.0,False
286,637,Customer-Relationship-ManagerIn,AT22,Steiermark,2024,326.0,False
286,637,Customer-Relationship-ManagerIn,AT22,Steiermark,2025,321.0,False
286,637,Customer-Relationship-ManagerIn,AT31,Oberösterreich,2020,325.0,False
286,637,Customer-Relationship-ManagerIn,AT31,Oberösterreich,2021,561.0,False
286,637,Customer-Relationship-ManagerIn,AT31,Oberösterreich,2022,875.0,False
286,637,Customer-Relationship-ManagerIn,AT31,Oberösterreich,2023,646.0,False
286,637,Customer-Relationship-ManagerIn,AT31,Oberösterreich,2024,568.0,False
286,637,Customer-Relationship-ManagerIn,AT31,Oberösterreich,2025,477.0,False
286,637,Customer-Relationship-ManagerIn,AT32,Salzburg,2020,148.0,False
286,637,Customer-Relationship-ManagerIn,AT32,Salzburg,2021,283.0,False
286,637,Customer-Relationship-ManagerIn,AT32,Salzburg,2022,386.0,False
286,637,Customer-Relationship-ManagerIn,AT32,Salzburg,2023,354.0,False
286,637,Customer-Relationship-ManagerIn,AT32,Salzburg,2024,242.0,False
286,637,Customer-Relationship-ManagerIn,AT32,Salzburg,2025,239.0,False
286,637,Customer-Relationship-ManagerIn,AT33,Tirol,2020,152.0,False
286,637,Customer-Relationship-ManagerIn,AT33,Tirol,2021,246.0,False
286,637,Customer-Relationship-ManagerIn,AT33,Tirol,2022,345.0,False
286,637,Customer-Relationship-ManagerIn,AT33,Tirol,2023,256.0,False
286,637,Customer-Relationship-ManagerIn,AT33,Tirol,2024,265.0,False
286,637,Customer-Relationship-ManagerIn,AT33,Tirol,2025,213.0,False
286,637,Customer-Relationship-ManagerIn,AT34,Vorarlberg,2020,138.0,False
286,637,Customer-Relationship-ManagerIn,AT34,Vorarlberg,2021,260.0,False
286,637,Customer-Relationship-ManagerIn,AT34,Vorarlberg,2022,258.0,False
286,637,Customer-Relationship-ManagerIn,AT34,Vorarlberg,2023,193.0,False
286,637,Customer-Relationship-ManagerIn,AT34,Vorarlberg,2024,139.0,False
286,637,Customer-Relationship-ManagerIn,AT34,Vorarlberg,2025,127.0,False
286,862,MarketingassistentIn,AT,Österreich,2020,4136.0,False
286,862,MarketingassistentIn,AT,Österreich,2021,6066.0,False
286,862,MarketingassistentIn,AT,Österreich,2022,7415.0,False
286,862,MarketingassistentIn,AT,Österreich,2023,5960.0,False
286,862,MarketingassistentIn,AT,Österreich,2024,4330.0,False
286,862,MarketingassistentIn,AT,Österreich,2025,3934.0,False
286,862,MarketingassistentIn,AT11,Burgenland,2020,63.0,False
286,862,MarketingassistentIn,AT11,Burgenland,2021,72.0,False
286,862,MarketingassistentIn,AT11,Burgenland,2022,115.0,False
286,862,MarketingassistentIn,AT11,Burgenland,2023,93.0,False
286,862,MarketingassistentIn,AT11,Burgenland,2024,68.0,False
286,862,MarketingassistentIn,AT11,Burgenland,2025,61.0,False
286,862,MarketingassistentIn,AT12,Niederösterreich,2020,362.0,False
286,862,MarketingassistentIn,AT12,Niederösterreich,2021,638.0,False
286,862,MarketingassistentIn,AT12,Niederösterreich,2022,773.0,False
286,862,MarketingassistentIn,AT12,Niederösterreich,2023,580.0,False
286,862,MarketingassistentIn,AT12,Niederösterreich,2024,458.0,False
286,862,MarketingassistentIn,AT12,Niederösterreich,2025,416.0,False
286,862,MarketingassistentIn,AT13,Wien,2020,815.0,False
286,862,MarketingassistentIn,AT13,Wien,2021,1365.0,False
286,862,MarketingassistentIn,AT13,Wien,2022,1769.0,False
286,862,MarketingassistentIn,AT13,Wien,2023,1819.0,False
286,862,MarketingassistentIn,AT13,Wien,2024,1155.0,False
286,862,MarketingassistentIn,AT13,Wien,2025,957.0,False
286,862,MarketingassistentIn,AT21,Kärnten,2020,125.0,False
286,862,MarketingassistentIn,AT21,Kärnten,2021,238.0,False
286,862,MarketingassistentIn,AT21,Kärnten,2022,306.0,False
286,862,MarketingassistentIn,AT21,Kärnten,2023,261.0,False
286,862,MarketingassistentIn,AT21,Kärnten,2024,191.0,False
286,862,MarketingassistentIn,AT21,Kärnten,2025,213.0,False
286,862,MarketingassistentIn,AT22,Steiermark,2020,376.0,False
286,862,MarketingassistentIn,AT22,Steiermark,2021,588.0,False
286,862,MarketingassistentIn,AT22,Steiermark,2022,699.0,False
286,862,MarketingassistentIn,AT22,Steiermark,2023,507.0,False
286,862,MarketingassistentIn,AT22,Steiermark,2024,438.0,False
286,862,MarketingassistentIn,AT22,Steiermark,2025,431.0,False
286,862,MarketingassistentIn,AT31,Oberösterreich,2020,580.0,False
286,862,MarketingassistentIn,AT31,Oberösterreich,2021,884.0,False
286,862,MarketingassistentIn,AT31,Oberösterreich,2022,1240.0,False
286,862,MarketingassistentIn,AT31,Oberösterreich,2023,968.0,False
286,862,MarketingassistentIn,AT31,Oberösterreich,2024,691.0,False
286,862,MarketingassistentIn,AT31,Oberösterreich,2025,643.0,False
286,862,MarketingassistentIn,AT32,Salzburg,2020,281.0,False
286,862,MarketingassistentIn,AT32,Salzburg,2021,473.0,False
286,862,MarketingassistentIn,AT32,Salzburg,2022,662.0,False
286,862,MarketingassistentIn,AT32,Salzburg,2023,524.0,False
286,862,MarketingassistentIn,AT32,Salzburg,2024,380.0,False
286,862,MarketingassistentIn,AT32,Salzburg,2025,385.0,False
286,862,MarketingassistentIn,AT33,Tirol,2020,316.0,False
286,862,MarketingassistentIn,AT33,Tirol,2021,437.0,False
286,862,MarketingassistentIn,AT33,Tirol,2022,576.0,False
286,862,MarketingassistentIn,AT33,Tirol,2023,432.0,False
286,862,MarketingassistentIn,AT33,Tirol,2024,326.0,False
286,862,MarketingassistentIn,AT33,Tirol,2025,360.0,False
286,862,MarketingassistentIn,AT34,Vorarlberg,2020,170.0,False
286,862,MarketingassistentIn,AT34,Vorarlberg,2021,258.0,False
286,862,MarketingassistentIn,AT34,Vorarlberg,2022,354.0,False
286,862,MarketingassistentIn,AT34,Vorarlberg,2023,233.0,False
286,862,MarketingassistentIn,AT34,Vorarlberg,2024,156.0,False
286,862,MarketingassistentIn,AT34,Vorarlberg,2025,128.0,False
286,1240,MarketingmanagerIn,AT,Österreich,2020,7228.0,False
286,1240,MarketingmanagerIn,AT,Österreich,2021,10037.0,False
286,1240,MarketingmanagerIn,AT,Österreich,2022,12331.0,False
286,1240,MarketingmanagerIn,AT,Österreich,2023,8787.0,False
286,1240,MarketingmanagerIn,AT,Österreich,2024,6110.0,False
286,1240,MarketingmanagerIn,AT,Österreich,2025,5470.0,False
286,1240,MarketingmanagerIn,AT11,Burgenland,2020,45.0,False
286,1240,MarketingmanagerIn,AT11,Burgenland,2021,35.0,False
286,1240,MarketingmanagerIn,AT11,Burgenland,2022,81.0,False
286,1240,MarketingmanagerIn,AT11,Burgenland,2023,71.0,False
286,1240,MarketingmanagerIn,AT11,Burgenland,2024,57.0,False
286,1240,MarketingmanagerIn,AT11,Burgenland,2025,64.0,False
286,1240,MarketingmanagerIn,AT12,Niederösterreich,2020,506.0,False
286,1240,MarketingmanagerIn,AT12,Niederösterreich,2021,702.0,False
286,1240,MarketingmanagerIn,AT12,Niederösterreich,2022,1138.0,False
286,1240,MarketingmanagerIn,AT12,Niederösterreich,2023,674.0,False
286,1240,MarketingmanagerIn,AT12,Niederösterreich,2024,563.0,False
286,1240,MarketingmanagerIn,AT12,Niederösterreich,2025,464.0,False
286,1240,MarketingmanagerIn,AT13,Wien,2020,1782.0,False
286,1240,MarketingmanagerIn,AT13,Wien,2021,3028.0,False
286,1240,MarketingmanagerIn,AT13,Wien,2022,3995.0,False
286,1240,MarketingmanagerIn,AT13,Wien,2023,3455.0,False
286,1240,MarketingmanagerIn,AT13,Wien,2024,2324.0,False
286,1240,MarketingmanagerIn,AT13,Wien,2025,1885.0,False
286,1240,MarketingmanagerIn,AT21,Kärnten,2020,113.0,False
286,1240,MarketingmanagerIn,AT21,Kärnten,2021,252.0,False
286,1240,MarketingmanagerIn,AT21,Kärnten,2022,307.0,False
286,1240,MarketingmanagerIn,AT21,Kärnten,2023,241.0,False
286,1240,MarketingmanagerIn,AT21,Kärnten,2024,120.0,False
286,1240,MarketingmanagerIn,AT21,Kärnten,2025,213.0,False
286,1240,MarketingmanagerIn,AT22,Steiermark,2020,363.0,False
286,1240,MarketingmanagerIn,AT22,Steiermark,2021,723.0,False
286,1240,MarketingmanagerIn,AT22,Steiermark,2022,881.0,False
286,1240,MarketingmanagerIn,AT22,Steiermark,2023,645.0,False
286,1240,MarketingmanagerIn,AT22,Steiermark,2024,403.0,False
286,1240,MarketingmanagerIn,AT22,Steiermark,2025,432.0,False
286,1240,MarketingmanagerIn,AT31,Oberösterreich,2020,722.0,False
286,1240,MarketingmanagerIn,AT31,Oberösterreich,2021,1381.0,False
286,1240,MarketingmanagerIn,AT31,Oberösterreich,2022,1952.0,False
286,1240,MarketingmanagerIn,AT31,Oberösterreich,2023,1249.0,False
286,1240,MarketingmanagerIn,AT31,Oberösterreich,2024,806.0,False
286,1240,MarketingmanagerIn,AT31,Oberösterreich,2025,747.0,False
286,1240,MarketingmanagerIn,AT32,Salzburg,2020,444.0,False
286,1240,MarketingmanagerIn,AT32,Salzburg,2021,760.0,False
286,1240,MarketingmanagerIn,AT32,Salzburg,2022,1209.0,False
286,1240,MarketingmanagerIn,AT32,Salzburg,2023,701.0,False
286,1240,MarketingmanagerIn,AT32,Salzburg,2024,577.0,False
286,1240,MarketingmanagerIn,AT32,Salzburg,2025,614.0,False
286,1240,MarketingmanagerIn,AT33,Tirol,2020,314.0,False
286,1240,MarketingmanagerIn,AT33,Tirol,2021,497.0,False
286,1240,MarketingmanagerIn,AT33,Tirol,2022,807.0,False
286,1240,MarketingmanagerIn,AT33,Tirol,2023,517.0,False
286,1240,MarketingmanagerIn,AT33,Tirol,2024,373.0,False
286,1240,MarketingmanagerIn,AT33,Tirol,2025,381.0,False
286,1240,MarketingmanagerIn,AT34,Vorarlberg,2020,180.0,False
286,1240,MarketingmanagerIn,AT34,Vorarlberg,2021,387.0,False
286,1240,MarketingmanagerIn,AT34,Vorarlberg,2022,569.0,False
286,1240,MarketingmanagerIn,AT34,Vorarlberg,2023,373.0,False
286,1240,MarketingmanagerIn,AT34,Vorarlberg,2024,275.0,False
286,1240,MarketingmanagerIn,AT34,Vorarlberg,2025,169.0,False
286,863,PR-BeraterIn,AT,Österreich,2020,2878.0,False
286,863,PR-BeraterIn,AT,Österreich,2021,3825.0,False
286,863,PR-BeraterIn,AT,Österreich,2022,4772.0,False
286,863,PR-BeraterIn,AT,Österreich,2023,3373.0,False
286,863,PR-BeraterIn,AT,Österreich,2024,2198.0,False
286,863,PR-BeraterIn,AT,Österreich,2025,1645.0,False
286,863,PR-BeraterIn,AT11,Burgenland,2020,,True
286,863,PR-BeraterIn,AT11,Burgenland,2021,,True
286,863,PR-BeraterIn,AT11,Burgenland,2022,45.0,False
286,863,PR-BeraterIn,AT11,Burgenland,2023,27.0,False
286,863,PR-BeraterIn,AT11,Burgenland,2024,,True
286,863,PR-BeraterIn,AT11,Burgenland,2025,,True
286,863,PR-BeraterIn,AT12,Niederösterreich,2020,196.0,False
286,863,PR-BeraterIn,AT12,Niederösterreich,2021,346.0,False
286,863,PR-BeraterIn,AT12,Niederösterreich,2022,516.0,False
286,863,PR-BeraterIn,AT12,Niederösterreich,2023,356.0,False
286,863,PR-BeraterIn,AT12,Niederösterreich,2024,160.0,False
286,863,PR-BeraterIn,AT12,Niederösterreich,2025,122.0,False
286,863,PR-BeraterIn,AT13,Wien,2020,754.0,False
286,863,PR-BeraterIn,AT13,Wien,2021,1280.0,False
286,863,PR-BeraterIn,AT13,Wien,2022,1654.0,False
286,863,PR-BeraterIn,AT13,Wien,2023,1321.0,False
286,863,PR-BeraterIn,AT13,Wien,2024,897.0,False
286,863,PR-BeraterIn,AT13,Wien,2025,642.0,False
286,863,PR-BeraterIn,AT21,Kärnten,2020,26.0,False
286,863,PR-BeraterIn,AT21,Kärnten,2021,68.0,False
286,863,PR-BeraterIn,AT21,Kärnten,2022,147.0,False
286,863,PR-BeraterIn,AT21,Kärnten,2023,87.0,False
286,863,PR-BeraterIn,AT21,Kärnten,2024,54.0,False
286,863,PR-BeraterIn,AT21,Kärnten,2025,51.0,False
286,863,PR-BeraterIn,AT22,Steiermark,2020,110.0,False
286,863,PR-BeraterIn,AT22,Steiermark,2021,199.0,False
286,863,PR-BeraterIn,AT22,Steiermark,2022,313.0,False
286,863,PR-BeraterIn,AT22,Steiermark,2023,184.0,False
286,863,PR-BeraterIn,AT22,Steiermark,2024,143.0,False
286,863,PR-BeraterIn,AT22,Steiermark,2025,123.0,False
286,863,PR-BeraterIn,AT31,Oberösterreich,2020,277.0,False
286,863,PR-BeraterIn,AT31,Oberösterreich,2021,384.0,False
286,863,PR-BeraterIn,AT31,Oberösterreich,2022,663.0,False
286,863,PR-BeraterIn,AT31,Oberösterreich,2023,409.0,False
286,863,PR-BeraterIn,AT31,Oberösterreich,2024,224.0,False
286,863,PR-BeraterIn,AT31,Oberösterreich,2025,181.0,False
286,863,PR-BeraterIn,AT32,Salzburg,2020,166.0,False
286,863,PR-BeraterIn,AT32,Salzburg,2021,281.0,False
286,863,PR-BeraterIn,AT32,Salzburg,2022,394.0,False
286,863,PR-BeraterIn,AT32,Salzburg,2023,236.0,False
286,863,PR-BeraterIn,AT32,Salzburg,2024,178.0,False
286,863,PR-BeraterIn,AT32,Salzburg,2025,170.0,False
286,863,PR-BeraterIn,AT33,Tirol,2020,121.0,False
286,863,PR-BeraterIn,AT33,Tirol,2021,203.0,False
286,863,PR-BeraterIn,AT33,Tirol,2022,301.0,False
286,863,PR-BeraterIn,AT33,Tirol,2023,187.0,False
286,863,PR-BeraterIn,AT33,Tirol,2024,171.0,False
286,863,PR-BeraterIn,AT33,Tirol,2025,126.0,False
286,863,PR-BeraterIn,AT34,Vorarlberg,2020,67.0,False
286,863,PR-BeraterIn,AT34,Vorarlberg,2021,132.0,False
286,863,PR-BeraterIn,AT34,Vorarlberg,2022,169.0,False
286,863,PR-BeraterIn,AT34,Vorarlberg,2023,178.0,False
286,863,PR-BeraterIn,AT34,Vorarlberg,2024,90.0,False
286,863,PR-BeraterIn,AT34,Vorarlberg,2025,62.0,False
286,1195,ProduktmanagerIn,AT,Österreich,2020,4711.0,False
286,1195,ProduktmanagerIn,AT,Österreich,2021,6737.0,False
286,1195,ProduktmanagerIn,AT,Österreich,2022,8824.0,False
286,1195,ProduktmanagerIn,AT,Österreich,2023,6520.0,False
286,1195,ProduktmanagerIn,AT,Österreich,2024,4466.0,False
286,1195,ProduktmanagerIn,AT,Österreich,2025,3714.0,False
286,1195,ProduktmanagerIn,AT11,Burgenland,2020,25.0,False
286,1195,ProduktmanagerIn,AT11,Burgenland,2021,44.0,False
286,1195,ProduktmanagerIn,AT11,Burgenland,2022,59.0,False
286,1195,ProduktmanagerIn,AT11,Burgenland,2023,52.0,False
286,1195,ProduktmanagerIn,AT11,Burgenland,2024,38.0,False
286,1195,ProduktmanagerIn,AT11,Burgenland,2025,32.0,False
286,1195,ProduktmanagerIn,AT12,Niederösterreich,2020,311.0,False
286,1195,ProduktmanagerIn,AT12,Niederösterreich,2021,532.0,False
286,1195,ProduktmanagerIn,AT12,Niederösterreich,2022,789.0,False
286,1195,ProduktmanagerIn,AT12,Niederösterreich,2023,518.0,False
286,1195,ProduktmanagerIn,AT12,Niederösterreich,2024,316.0,False
286,1195,ProduktmanagerIn,AT12,Niederösterreich,2025,328.0,False
286,1195,ProduktmanagerIn,AT13,Wien,2020,1062.0,False
286,1195,ProduktmanagerIn,AT13,Wien,2021,1875.0,False
286,1195,ProduktmanagerIn,AT13,Wien,2022,2732.0,False
286,1195,ProduktmanagerIn,AT13,Wien,2023,2121.0,False
286,1195,ProduktmanagerIn,AT13,Wien,2024,1479.0,False
286,1195,ProduktmanagerIn,AT13,Wien,2025,1098.0,False
286,1195,ProduktmanagerIn,AT21,Kärnten,2020,68.0,False
286,1195,ProduktmanagerIn,AT21,Kärnten,2021,153.0,False
286,1195,ProduktmanagerIn,AT21,Kärnten,2022,215.0,False
286,1195,ProduktmanagerIn,AT21,Kärnten,2023,231.0,False
286,1195,ProduktmanagerIn,AT21,Kärnten,2024,120.0,False
286,1195,ProduktmanagerIn,AT21,Kärnten,2025,112.0,False
286,1195,ProduktmanagerIn,AT22,Steiermark,2020,347.0,False
286,1195,ProduktmanagerIn,AT22,Steiermark,2021,610.0,False
286,1195,ProduktmanagerIn,AT22,Steiermark,2022,863.0,False
286,1195,ProduktmanagerIn,AT22,Steiermark,2023,676.0,False
286,1195,ProduktmanagerIn,AT22,Steiermark,2024,538.0,False
286,1195,ProduktmanagerIn,AT22,Steiermark,2025,426.0,False
286,1195,ProduktmanagerIn,AT31,Oberösterreich,2020,566.0,False
286,1195,ProduktmanagerIn,AT31,Oberösterreich,2021,1020.0,False
286,1195,ProduktmanagerIn,AT31,Oberösterreich,2022,1682.0,False
286,1195,ProduktmanagerIn,AT31,Oberösterreich,2023,1174.0,False
286,1195,ProduktmanagerIn,AT31,Oberösterreich,2024,730.0,False
286,1195,ProduktmanagerIn,AT31,Oberösterreich,2025,638.0,False
286,1195,ProduktmanagerIn,AT32,Salzburg,2020,176.0,False
286,1195,ProduktmanagerIn,AT32,Salzburg,2021,407.0,False
286,1195,ProduktmanagerIn,AT32,Salzburg,2022,610.0,False
286,1195,ProduktmanagerIn,AT32,Salzburg,2023,460.0,False
286,1195,ProduktmanagerIn,AT32,Salzburg,2024,274.0,False
286,1195,ProduktmanagerIn,AT32,Salzburg,2025,292.0,False
286,1195,ProduktmanagerIn,AT33,Tirol,2020,196.0,False
286,1195,ProduktmanagerIn,AT33,Tirol,2021,322.0,False
286,1195,ProduktmanagerIn,AT33,Tirol,2022,559.0,False
286,1195,ProduktmanagerIn,AT33,Tirol,2023,395.0,False
286,1195,ProduktmanagerIn,AT33,Tirol,2024,346.0,False
286,1195,ProduktmanagerIn,AT33,Tirol,2025,398.0,False
286,1195,ProduktmanagerIn,AT34,Vorarlberg,2020,138.0,False
286,1195,ProduktmanagerIn,AT34,Vorarlberg,2021,291.0,False
286,1195,ProduktmanagerIn,AT34,Vorarlberg,2022,375.0,False
286,1195,ProduktmanagerIn,AT34,Vorarlberg,2023,367.0,False
286,1195,ProduktmanagerIn,AT34,Vorarlberg,2024,211.0,False
286,1195,ProduktmanagerIn,AT34,Vorarlberg,2025,111.0,False
286,1260,Social-Media-ManagerIn,AT,Österreich,2020,1300.0,False
286,1260,Social-Media-ManagerIn,AT,Österreich,2021,2106.0,False
286,1260,Social-Media-ManagerIn,AT,Österreich,2022,2574.0,False
286,1260,Social-Media-ManagerIn,AT,Österreich,2023,2001.0,False
286,1260,Social-Media-ManagerIn,AT,Österreich,2024,1666.0,False
286,1260,Social-Media-ManagerIn,AT,Österreich,2025,1535.0,False
286,1260,Social-Media-ManagerIn,AT11,Burgenland,2020,,True
286,1260,Social-Media-ManagerIn,AT11,Burgenland,2021,,True
286,1260,Social-Media-ManagerIn,AT11,Burgenland,2022,,True
286,1260,Social-Media-ManagerIn,AT11,Burgenland,2023,27.0,False
286,1260,Social-Media-ManagerIn,AT11,Burgenland,2024,28.0,False
286,1260,Social-Media-ManagerIn,AT11,Burgenland,2025,22.0,False
286,1260,Social-Media-ManagerIn,AT12,Niederösterreich,2020,77.0,False
286,1260,Social-Media-ManagerIn,AT12,Niederösterreich,2021,157.0,False
286,1260,Social-Media-ManagerIn,AT12,Niederösterreich,2022,183.0,False
286,1260,Social-Media-ManagerIn,AT12,Niederösterreich,2023,160.0,False
286,1260,Social-Media-ManagerIn,AT12,Niederösterreich,2024,109.0,False
286,1260,Social-Media-ManagerIn,AT12,Niederösterreich,2025,99.0,False
286,1260,Social-Media-ManagerIn,AT13,Wien,2020,370.0,False
286,1260,Social-Media-ManagerIn,AT13,Wien,2021,648.0,False
286,1260,Social-Media-ManagerIn,AT13,Wien,2022,783.0,False
286,1260,Social-Media-ManagerIn,AT13,Wien,2023,706.0,False
286,1260,Social-Media-ManagerIn,AT13,Wien,2024,546.0,False
286,1260,Social-Media-ManagerIn,AT13,Wien,2025,536.0,False
286,1260,Social-Media-ManagerIn,AT21,Kärnten,2020,,True
286,1260,Social-Media-ManagerIn,AT21,Kärnten,2021,41.0,False
286,1260,Social-Media-ManagerIn,AT21,Kärnten,2022,86.0,False
286,1260,Social-Media-ManagerIn,AT21,Kärnten,2023,46.0,False
286,1260,Social-Media-ManagerIn,AT21,Kärnten,2024,40.0,False
286,1260,Social-Media-ManagerIn,AT21,Kärnten,2025,67.0,False
286,1260,Social-Media-ManagerIn,AT22,Steiermark,2020,85.0,False
286,1260,Social-Media-ManagerIn,AT22,Steiermark,2021,150.0,False
286,1260,Social-Media-ManagerIn,AT22,Steiermark,2022,237.0,False
286,1260,Social-Media-ManagerIn,AT22,Steiermark,2023,189.0,False
286,1260,Social-Media-ManagerIn,AT22,Steiermark,2024,127.0,False
286,1260,Social-Media-ManagerIn,AT22,Steiermark,2025,121.0,False
286,1260,Social-Media-ManagerIn,AT31,Oberösterreich,2020,112.0,False
286,1260,Social-Media-ManagerIn,AT31,Oberösterreich,2021,217.0,False
286,1260,Social-Media-ManagerIn,AT31,Oberösterreich,2022,360.0,False
286,1260,Social-Media-ManagerIn,AT31,Oberösterreich,2023,271.0,False
286,1260,Social-Media-ManagerIn,AT31,Oberösterreich,2024,228.0,False
286,1260,Social-Media-ManagerIn,AT31,Oberösterreich,2025,221.0,False
286,1260,Social-Media-ManagerIn,AT32,Salzburg,2020,126.0,False
286,1260,Social-Media-ManagerIn,AT32,Salzburg,2021,252.0,False
286,1260,Social-Media-ManagerIn,AT32,Salzburg,2022,324.0,False
286,1260,Social-Media-ManagerIn,AT32,Salzburg,2023,196.0,False
286,1260,Social-Media-ManagerIn,AT32,Salzburg,2024,200.0,False
286,1260,Social-Media-ManagerIn,AT32,Salzburg,2025,199.0,False
286,1260,Social-Media-ManagerIn,AT33,Tirol,2020,79.0,False
286,1260,Social-Media-ManagerIn,AT33,Tirol,2021,122.0,False
286,1260,Social-Media-ManagerIn,AT33,Tirol,2022,178.0,False
286,1260,Social-Media-ManagerIn,AT33,Tirol,2023,134.0,False
286,1260,Social-Media-ManagerIn,AT33,Tirol,2024,123.0,False
286,1260,Social-Media-ManagerIn,AT33,Tirol,2025,104.0,False
286,1260,Social-Media-ManagerIn,AT34,Vorarlberg,2020,36.0,False
286,1260,Social-Media-ManagerIn,AT34,Vorarlberg,2021,58.0,False
286,1260,Social-Media-ManagerIn,AT34,Vorarlberg,2022,97.0,False
286,1260,Social-Media-ManagerIn,AT34,Vorarlberg,2023,87.0,False
286,1260,Social-Media-ManagerIn,AT34,Vorarlberg,2024,79.0,False
286,1260,Social-Media-ManagerIn,AT34,Vorarlberg,2025,45.0,False
286,705,Visual Merchandiser (m/w),AT,Österreich,2020,423.0,False
286,705,Visual Merchandiser (m/w),AT,Österreich,2021,733.0,False
286,705,Visual Merchandiser (m/w),AT,Österreich,2022,914.0,False
286,705,Visual Merchandiser (m/w),AT,Österreich,2023,725.0,False
286,705,Visual Merchandiser (m/w),AT,Österreich,2024,533.0,False
286,705,Visual Merchandiser (m/w),AT,Österreich,2025,435.0,False
286,705,Visual Merchandiser (m/w),AT11,Burgenland,2020,,True
286,705,Visual Merchandiser (m/w),AT11,Burgenland,2021,,True
286,705,Visual Merchandiser (m/w),AT11,Burgenland,2022,28.0,False
286,705,Visual Merchandiser (m/w),AT11,Burgenland,2023,20.0,False
286,705,Visual Merchandiser (m/w),AT11,Burgenland,2024,,True
286,705,Visual Merchandiser (m/w),AT11,Burgenland,2025,,True
286,705,Visual Merchandiser (m/w),AT12,Niederösterreich,2020,34.0,False
286,705,Visual Merchandiser (m/w),AT12,Niederösterreich,2021,76.0,False
286,705,Visual Merchandiser (m/w),AT12,Niederösterreich,2022,81.0,False
286,705,Visual Merchandiser (m/w),AT12,Niederösterreich,2023,69.0,False
286,705,Visual Merchandiser (m/w),AT12,Niederösterreich,2024,55.0,False
286,705,Visual Merchandiser (m/w),AT12,Niederösterreich,2025,50.0,False
286,705,Visual Merchandiser (m/w),AT13,Wien,2020,54.0,False
286,705,Visual Merchandiser (m/w),AT13,Wien,2021,106.0,False
286,705,Visual Merchandiser (m/w),AT13,Wien,2022,142.0,False
286,705,Visual Merchandiser (m/w),AT13,Wien,2023,129.0,False
286,705,Visual Merchandiser (m/w),AT13,Wien,2024,94.0,False
286,705,Visual Merchandiser (m/w),AT13,Wien,2025,77.0,False
286,705,Visual Merchandiser (m/w),AT21,Kärnten,2020,,True
286,705,Visual Merchandiser (m/w),AT21,Kärnten,2021,37.0,False
286,705,Visual Merchandiser (m/w),AT21,Kärnten,2022,58.0,False
286,705,Visual Merchandiser (m/w),AT21,Kärnten,2023,57.0,False
286,705,Visual Merchandiser (m/w),AT21,Kärnten,2024,40.0,False
286,705,Visual Merchandiser (m/w),AT21,Kärnten,2025,22.0,False
286,705,Visual Merchandiser (m/w),AT22,Steiermark,2020,36.0,False
286,705,Visual Merchandiser (m/w),AT22,Steiermark,2021,49.0,False
286,705,Visual Merchandiser (m/w),AT22,Steiermark,2022,82.0,False
286,705,Visual Merchandiser (m/w),AT22,Steiermark,2023,87.0,False
286,705,Visual Merchandiser (m/w),AT22,Steiermark,2024,51.0,False
286,705,Visual Merchandiser (m/w),AT22,Steiermark,2025,50.0,False
286,705,Visual Merchandiser (m/w),AT31,Oberösterreich,2020,86.0,False
286,705,Visual Merchandiser (m/w),AT31,Oberösterreich,2021,129.0,False
286,705,Visual Merchandiser (m/w),AT31,Oberösterreich,2022,149.0,False
286,705,Visual Merchandiser (m/w),AT31,Oberösterreich,2023,127.0,False
286,705,Visual Merchandiser (m/w),AT31,Oberösterreich,2024,88.0,False
286,705,Visual Merchandiser (m/w),AT31,Oberösterreich,2025,84.0,False
286,705,Visual Merchandiser (m/w),AT32,Salzburg,2020,36.0,False
286,705,Visual Merchandiser (m/w),AT32,Salzburg,2021,60.0,False
286,705,Visual Merchandiser (m/w),AT32,Salzburg,2022,86.0,False
286,705,Visual Merchandiser (m/w),AT32,Salzburg,2023,52.0,False
286,705,Visual Merchandiser (m/w),AT32,Salzburg,2024,67.0,False
286,705,Visual Merchandiser (m/w),AT32,Salzburg,2025,39.0,False
286,705,Visual Merchandiser (m/w),AT33,Tirol,2020,75.0,False
286,705,Visual Merchandiser (m/w),AT33,Tirol,2021,112.0,False
286,705,Visual Merchandiser (m/w),AT33,Tirol,2022,124.0,False
286,705,Visual Merchandiser (m/w),AT33,Tirol,2023,106.0,False
286,705,Visual Merchandiser (m/w),AT33,Tirol,2024,76.0,False
286,705,Visual Merchandiser (m/w),AT33,Tirol,2025,70.0,False
286,705,Visual Merchandiser (m/w),AT34,Vorarlberg,2020,26.0,False
286,705,Visual Merchandiser (m/w),AT34,Vorarlberg,2021,38.0,False
286,705,Visual Merchandiser (m/w),AT34,Vorarlberg,2022,62.0,False
286,705,Visual Merchandiser (m/w),AT34,Vorarlberg,2023,,True
286,705,Visual Merchandiser (m/w),AT34,Vorarlberg,2024,,True
286,705,Visual Merchandiser (m/w),AT34,Vorarlberg,2025,,True
290,874,BetriebstechnikerIn,AT,Österreich,2020,2449.0,False
290,874,BetriebstechnikerIn,AT,Österreich,2021,3252.0,False
290,874,BetriebstechnikerIn,AT,Österreich,2022,4194.0,False
290,874,BetriebstechnikerIn,AT,Österreich,2023,3085.0,False
290,874,BetriebstechnikerIn,AT,Österreich,2024,2472.0,False
290,874,BetriebstechnikerIn,AT,Österreich,2025,2088.0,False
290,874,BetriebstechnikerIn,AT11,Burgenland,2020,,True
290,874,BetriebstechnikerIn,AT11,Burgenland,2021,33.0,False
290,874,BetriebstechnikerIn,AT11,Burgenland,2022,70.0,False
290,874,BetriebstechnikerIn,AT11,Burgenland,2023,38.0,False
290,874,BetriebstechnikerIn,AT11,Burgenland,2024,21.0,False
290,874,BetriebstechnikerIn,AT11,Burgenland,2025,27.0,False
290,874,BetriebstechnikerIn,AT12,Niederösterreich,2020,187.0,False
290,874,BetriebstechnikerIn,AT12,Niederösterreich,2021,329.0,False
290,874,BetriebstechnikerIn,AT12,Niederösterreich,2022,472.0,False
290,874,BetriebstechnikerIn,AT12,Niederösterreich,2023,300.0,False
290,874,BetriebstechnikerIn,AT12,Niederösterreich,2024,186.0,False
290,874,BetriebstechnikerIn,AT12,Niederösterreich,2025,189.0,False
290,874,BetriebstechnikerIn,AT13,Wien,2020,360.0,False
290,874,BetriebstechnikerIn,AT13,Wien,2021,538.0,False
290,874,BetriebstechnikerIn,AT13,Wien,2022,639.0,False
290,874,BetriebstechnikerIn,AT13,Wien,2023,600.0,False
290,874,BetriebstechnikerIn,AT13,Wien,2024,466.0,False
290,874,BetriebstechnikerIn,AT13,Wien,2025,331.0,False
290,874,BetriebstechnikerIn,AT21,Kärnten,2020,94.0,False
290,874,BetriebstechnikerIn,AT21,Kärnten,2021,108.0,False
290,874,BetriebstechnikerIn,AT21,Kärnten,2022,236.0,False
290,874,BetriebstechnikerIn,AT21,Kärnten,2023,219.0,False
290,874,BetriebstechnikerIn,AT21,Kärnten,2024,147.0,False
290,874,BetriebstechnikerIn,AT21,Kärnten,2025,130.0,False
290,874,BetriebstechnikerIn,AT22,Steiermark,2020,290.0,False
290,874,BetriebstechnikerIn,AT22,Steiermark,2021,354.0,False
290,874,BetriebstechnikerIn,AT22,Steiermark,2022,535.0,False
290,874,BetriebstechnikerIn,AT22,Steiermark,2023,434.0,False
290,874,BetriebstechnikerIn,AT22,Steiermark,2024,360.0,False
290,874,BetriebstechnikerIn,AT22,Steiermark,2025,276.0,False
290,874,BetriebstechnikerIn,AT31,Oberösterreich,2020,351.0,False
290,874,BetriebstechnikerIn,AT31,Oberösterreich,2021,561.0,False
290,874,BetriebstechnikerIn,AT31,Oberösterreich,2022,764.0,False
290,874,BetriebstechnikerIn,AT31,Oberösterreich,2023,631.0,False
290,874,BetriebstechnikerIn,AT31,Oberösterreich,2024,557.0,False
290,874,BetriebstechnikerIn,AT31,Oberösterreich,2025,502.0,False
290,874,BetriebstechnikerIn,AT32,Salzburg,2020,164.0,False
290,874,BetriebstechnikerIn,AT32,Salzburg,2021,321.0,False
290,874,BetriebstechnikerIn,AT32,Salzburg,2022,461.0,False
290,874,BetriebstechnikerIn,AT32,Salzburg,2023,198.0,False
290,874,BetriebstechnikerIn,AT32,Salzburg,2024,179.0,False
290,874,BetriebstechnikerIn,AT32,Salzburg,2025,173.0,False
290,874,BetriebstechnikerIn,AT33,Tirol,2020,175.0,False
290,874,BetriebstechnikerIn,AT33,Tirol,2021,219.0,False
290,874,BetriebstechnikerIn,AT33,Tirol,2022,374.0,False
290,874,BetriebstechnikerIn,AT33,Tirol,2023,244.0,False
290,874,BetriebstechnikerIn,AT33,Tirol,2024,181.0,False
290,874,BetriebstechnikerIn,AT33,Tirol,2025,155.0,False
290,874,BetriebstechnikerIn,AT34,Vorarlberg,2020,122.0,False
290,874,BetriebstechnikerIn,AT34,Vorarlberg,2021,181.0,False
290,874,BetriebstechnikerIn,AT34,Vorarlberg,2022,231.0,False
290,874,BetriebstechnikerIn,AT34,Vorarlberg,2023,180.0,False
290,874,BetriebstechnikerIn,AT34,Vorarlberg,2024,134.0,False
290,874,BetriebstechnikerIn,AT34,Vorarlberg,2025,114.0,False
290,710,QualitätssicherungstechnikerIn,AT,Österreich,2020,8721.0,False
290,710,QualitätssicherungstechnikerIn,AT,Österreich,2021,12247.0,False
290,710,QualitätssicherungstechnikerIn,AT,Österreich,2022,16183.0,False
290,710,QualitätssicherungstechnikerIn,AT,Österreich,2023,12780.0,False
290,710,QualitätssicherungstechnikerIn,AT,Österreich,2024,9932.0,False
290,710,QualitätssicherungstechnikerIn,AT,Österreich,2025,8482.0,False
290,710,QualitätssicherungstechnikerIn,AT11,Burgenland,2020,81.0,False
290,710,QualitätssicherungstechnikerIn,AT11,Burgenland,2021,170.0,False
290,710,QualitätssicherungstechnikerIn,AT11,Burgenland,2022,188.0,False
290,710,QualitätssicherungstechnikerIn,AT11,Burgenland,2023,180.0,False
290,710,QualitätssicherungstechnikerIn,AT11,Burgenland,2024,104.0,False
290,710,QualitätssicherungstechnikerIn,AT11,Burgenland,2025,103.0,False
290,710,QualitätssicherungstechnikerIn,AT12,Niederösterreich,2020,950.0,False
290,710,QualitätssicherungstechnikerIn,AT12,Niederösterreich,2021,1521.0,False
290,710,QualitätssicherungstechnikerIn,AT12,Niederösterreich,2022,1948.0,False
290,710,QualitätssicherungstechnikerIn,AT12,Niederösterreich,2023,1446.0,False
290,710,QualitätssicherungstechnikerIn,AT12,Niederösterreich,2024,1260.0,False
290,710,QualitätssicherungstechnikerIn,AT12,Niederösterreich,2025,1155.0,False
290,710,QualitätssicherungstechnikerIn,AT13,Wien,2020,1136.0,False
290,710,QualitätssicherungstechnikerIn,AT13,Wien,2021,1760.0,False
290,710,QualitätssicherungstechnikerIn,AT13,Wien,2022,2182.0,False
290,710,QualitätssicherungstechnikerIn,AT13,Wien,2023,2001.0,False
290,710,QualitätssicherungstechnikerIn,AT13,Wien,2024,1664.0,False
290,710,QualitätssicherungstechnikerIn,AT13,Wien,2025,1304.0,False
290,710,QualitätssicherungstechnikerIn,AT21,Kärnten,2020,239.0,False
290,710,QualitätssicherungstechnikerIn,AT21,Kärnten,2021,574.0,False
290,710,QualitätssicherungstechnikerIn,AT21,Kärnten,2022,901.0,False
290,710,QualitätssicherungstechnikerIn,AT21,Kärnten,2023,675.0,False
290,710,QualitätssicherungstechnikerIn,AT21,Kärnten,2024,453.0,False
290,710,QualitätssicherungstechnikerIn,AT21,Kärnten,2025,429.0,False
290,710,QualitätssicherungstechnikerIn,AT22,Steiermark,2020,1036.0,False
290,710,QualitätssicherungstechnikerIn,AT22,Steiermark,2021,1721.0,False
290,710,QualitätssicherungstechnikerIn,AT22,Steiermark,2022,2844.0,False
290,710,QualitätssicherungstechnikerIn,AT22,Steiermark,2023,2320.0,False
290,710,QualitätssicherungstechnikerIn,AT22,Steiermark,2024,1589.0,False
290,710,QualitätssicherungstechnikerIn,AT22,Steiermark,2025,1302.0,False
290,710,QualitätssicherungstechnikerIn,AT31,Oberösterreich,2020,1188.0,False
290,710,QualitätssicherungstechnikerIn,AT31,Oberösterreich,2021,2060.0,False
290,710,QualitätssicherungstechnikerIn,AT31,Oberösterreich,2022,3442.0,False
290,710,QualitätssicherungstechnikerIn,AT31,Oberösterreich,2023,2846.0,False
290,710,QualitätssicherungstechnikerIn,AT31,Oberösterreich,2024,2243.0,False
290,710,QualitätssicherungstechnikerIn,AT31,Oberösterreich,2025,1951.0,False
290,710,QualitätssicherungstechnikerIn,AT32,Salzburg,2020,431.0,False
290,710,QualitätssicherungstechnikerIn,AT32,Salzburg,2021,679.0,False
290,710,QualitätssicherungstechnikerIn,AT32,Salzburg,2022,1192.0,False
290,710,QualitätssicherungstechnikerIn,AT32,Salzburg,2023,691.0,False
290,710,QualitätssicherungstechnikerIn,AT32,Salzburg,2024,583.0,False
290,710,QualitätssicherungstechnikerIn,AT32,Salzburg,2025,463.0,False
290,710,QualitätssicherungstechnikerIn,AT33,Tirol,2020,402.0,False
290,710,QualitätssicherungstechnikerIn,AT33,Tirol,2021,670.0,False
290,710,QualitätssicherungstechnikerIn,AT33,Tirol,2022,1038.0,False
290,710,QualitätssicherungstechnikerIn,AT33,Tirol,2023,863.0,False
290,710,QualitätssicherungstechnikerIn,AT33,Tirol,2024,711.0,False
290,710,QualitätssicherungstechnikerIn,AT33,Tirol,2025,682.0,False
290,710,QualitätssicherungstechnikerIn,AT34,Vorarlberg,2020,262.0,False
290,710,QualitätssicherungstechnikerIn,AT34,Vorarlberg,2021,536.0,False
290,710,QualitätssicherungstechnikerIn,AT34,Vorarlberg,2022,819.0,False
290,710,QualitätssicherungstechnikerIn,AT34,Vorarlberg,2023,625.0,False
290,710,QualitätssicherungstechnikerIn,AT34,Vorarlberg,2024,430.0,False
290,710,QualitätssicherungstechnikerIn,AT34,Vorarlberg,2025,380.0,False
290,1198,TechnischeR SachbearbeiterIn,AT,Österreich,2020,2200.0,False
290,1198,TechnischeR SachbearbeiterIn,AT,Österreich,2021,3318.0,False
290,1198,TechnischeR SachbearbeiterIn,AT,Österreich,2022,3902.0,False
290,1198,TechnischeR SachbearbeiterIn,AT,Österreich,2023,3243.0,False
290,1198,TechnischeR SachbearbeiterIn,AT,Österreich,2024,2656.0,False
290,1198,TechnischeR SachbearbeiterIn,AT,Österreich,2025,2215.0,False
290,1198,TechnischeR SachbearbeiterIn,AT11,Burgenland,2020,46.0,False
290,1198,TechnischeR SachbearbeiterIn,AT11,Burgenland,2021,43.0,False
290,1198,TechnischeR SachbearbeiterIn,AT11,Burgenland,2022,41.0,False
290,1198,TechnischeR SachbearbeiterIn,AT11,Burgenland,2023,59.0,False
290,1198,TechnischeR SachbearbeiterIn,AT11,Burgenland,2024,40.0,False
290,1198,TechnischeR SachbearbeiterIn,AT11,Burgenland,2025,28.0,False
290,1198,TechnischeR SachbearbeiterIn,AT12,Niederösterreich,2020,280.0,False
290,1198,TechnischeR SachbearbeiterIn,AT12,Niederösterreich,2021,497.0,False
290,1198,TechnischeR SachbearbeiterIn,AT12,Niederösterreich,2022,625.0,False
290,1198,TechnischeR SachbearbeiterIn,AT12,Niederösterreich,2023,434.0,False
290,1198,TechnischeR SachbearbeiterIn,AT12,Niederösterreich,2024,311.0,False
290,1198,TechnischeR SachbearbeiterIn,AT12,Niederösterreich,2025,328.0,False
290,1198,TechnischeR SachbearbeiterIn,AT13,Wien,2020,244.0,False
290,1198,TechnischeR SachbearbeiterIn,AT13,Wien,2021,441.0,False
290,1198,TechnischeR SachbearbeiterIn,AT13,Wien,2022,612.0,False
290,1198,TechnischeR SachbearbeiterIn,AT13,Wien,2023,650.0,False
290,1198,TechnischeR SachbearbeiterIn,AT13,Wien,2024,501.0,False
290,1198,TechnischeR SachbearbeiterIn,AT13,Wien,2025,333.0,False
290,1198,TechnischeR SachbearbeiterIn,AT21,Kärnten,2020,106.0,False
290,1198,TechnischeR SachbearbeiterIn,AT21,Kärnten,2021,180.0,False
290,1198,TechnischeR SachbearbeiterIn,AT21,Kärnten,2022,153.0,False
290,1198,TechnischeR SachbearbeiterIn,AT21,Kärnten,2023,143.0,False
290,1198,TechnischeR SachbearbeiterIn,AT21,Kärnten,2024,115.0,False
290,1198,TechnischeR SachbearbeiterIn,AT21,Kärnten,2025,120.0,False
290,1198,TechnischeR SachbearbeiterIn,AT22,Steiermark,2020,210.0,False
290,1198,TechnischeR SachbearbeiterIn,AT22,Steiermark,2021,311.0,False
290,1198,TechnischeR SachbearbeiterIn,AT22,Steiermark,2022,476.0,False
290,1198,TechnischeR SachbearbeiterIn,AT22,Steiermark,2023,377.0,False
290,1198,TechnischeR SachbearbeiterIn,AT22,Steiermark,2024,286.0,False
290,1198,TechnischeR SachbearbeiterIn,AT22,Steiermark,2025,243.0,False
290,1198,TechnischeR SachbearbeiterIn,AT31,Oberösterreich,2020,432.0,False
290,1198,TechnischeR SachbearbeiterIn,AT31,Oberösterreich,2021,585.0,False
290,1198,TechnischeR SachbearbeiterIn,AT31,Oberösterreich,2022,844.0,False
290,1198,TechnischeR SachbearbeiterIn,AT31,Oberösterreich,2023,652.0,False
290,1198,TechnischeR SachbearbeiterIn,AT31,Oberösterreich,2024,568.0,False
290,1198,TechnischeR SachbearbeiterIn,AT31,Oberösterreich,2025,489.0,False
290,1198,TechnischeR SachbearbeiterIn,AT32,Salzburg,2020,112.0,False
290,1198,TechnischeR SachbearbeiterIn,AT32,Salzburg,2021,250.0,False
290,1198,TechnischeR SachbearbeiterIn,AT32,Salzburg,2022,301.0,False
290,1198,TechnischeR SachbearbeiterIn,AT32,Salzburg,2023,253.0,False
290,1198,TechnischeR SachbearbeiterIn,AT32,Salzburg,2024,233.0,False
290,1198,TechnischeR SachbearbeiterIn,AT32,Salzburg,2025,217.0,False
290,1198,TechnischeR SachbearbeiterIn,AT33,Tirol,2020,137.0,False
290,1198,TechnischeR SachbearbeiterIn,AT33,Tirol,2021,202.0,False
290,1198,TechnischeR SachbearbeiterIn,AT33,Tirol,2022,295.0,False
290,1198,TechnischeR SachbearbeiterIn,AT33,Tirol,2023,210.0,False
290,1198,TechnischeR SachbearbeiterIn,AT33,Tirol,2024,211.0,False
290,1198,TechnischeR SachbearbeiterIn,AT33,Tirol,2025,129.0,False
290,1198,TechnischeR SachbearbeiterIn,AT34,Vorarlberg,2020,75.0,False
290,1198,TechnischeR SachbearbeiterIn,AT34,Vorarlberg,2021,160.0,False
290,1198,TechnischeR SachbearbeiterIn,AT34,Vorarlberg,2022,183.0,False
290,1198,TechnischeR SachbearbeiterIn,AT34,Vorarlberg,2023,190.0,False
290,1198,TechnischeR SachbearbeiterIn,AT34,Vorarlberg,2024,162.0,False
290,1198,TechnischeR SachbearbeiterIn,AT34,Vorarlberg,2025,130.0,False
290,855,VertriebstechnikerIn,AT,Österreich,2020,4222.0,False
290,855,VertriebstechnikerIn,AT,Österreich,2021,5839.0,False
290,855,VertriebstechnikerIn,AT,Österreich,2022,8118.0,False
290,855,VertriebstechnikerIn,AT,Österreich,2023,6668.0,False
290,855,VertriebstechnikerIn,AT,Österreich,2024,5093.0,False
290,855,VertriebstechnikerIn,AT,Österreich,2025,4742.0,False
290,855,VertriebstechnikerIn,AT11,Burgenland,2020,22.0,False
290,855,VertriebstechnikerIn,AT11,Burgenland,2021,42.0,False
290,855,VertriebstechnikerIn,AT11,Burgenland,2022,68.0,False
290,855,VertriebstechnikerIn,AT11,Burgenland,2023,41.0,False
290,855,VertriebstechnikerIn,AT11,Burgenland,2024,53.0,False
290,855,VertriebstechnikerIn,AT11,Burgenland,2025,77.0,False
290,855,VertriebstechnikerIn,AT12,Niederösterreich,2020,322.0,False
290,855,VertriebstechnikerIn,AT12,Niederösterreich,2021,507.0,False
290,855,VertriebstechnikerIn,AT12,Niederösterreich,2022,780.0,False
290,855,VertriebstechnikerIn,AT12,Niederösterreich,2023,682.0,False
290,855,VertriebstechnikerIn,AT12,Niederösterreich,2024,498.0,False
290,855,VertriebstechnikerIn,AT12,Niederösterreich,2025,531.0,False
290,855,VertriebstechnikerIn,AT13,Wien,2020,880.0,False
290,855,VertriebstechnikerIn,AT13,Wien,2021,1479.0,False
290,855,VertriebstechnikerIn,AT13,Wien,2022,2311.0,False
290,855,VertriebstechnikerIn,AT13,Wien,2023,2192.0,False
290,855,VertriebstechnikerIn,AT13,Wien,2024,1430.0,False
290,855,VertriebstechnikerIn,AT13,Wien,2025,1170.0,False
290,855,VertriebstechnikerIn,AT21,Kärnten,2020,76.0,False
290,855,VertriebstechnikerIn,AT21,Kärnten,2021,165.0,False
290,855,VertriebstechnikerIn,AT21,Kärnten,2022,268.0,False
290,855,VertriebstechnikerIn,AT21,Kärnten,2023,199.0,False
290,855,VertriebstechnikerIn,AT21,Kärnten,2024,167.0,False
290,855,VertriebstechnikerIn,AT21,Kärnten,2025,177.0,False
290,855,VertriebstechnikerIn,AT22,Steiermark,2020,379.0,False
290,855,VertriebstechnikerIn,AT22,Steiermark,2021,553.0,False
290,855,VertriebstechnikerIn,AT22,Steiermark,2022,875.0,False
290,855,VertriebstechnikerIn,AT22,Steiermark,2023,739.0,False
290,855,VertriebstechnikerIn,AT22,Steiermark,2024,623.0,False
290,855,VertriebstechnikerIn,AT22,Steiermark,2025,468.0,False
290,855,VertriebstechnikerIn,AT31,Oberösterreich,2020,508.0,False
290,855,VertriebstechnikerIn,AT31,Oberösterreich,2021,834.0,False
290,855,VertriebstechnikerIn,AT31,Oberösterreich,2022,1426.0,False
290,855,VertriebstechnikerIn,AT31,Oberösterreich,2023,1111.0,False
290,855,VertriebstechnikerIn,AT31,Oberösterreich,2024,882.0,False
290,855,VertriebstechnikerIn,AT31,Oberösterreich,2025,808.0,False
290,855,VertriebstechnikerIn,AT32,Salzburg,2020,229.0,False
290,855,VertriebstechnikerIn,AT32,Salzburg,2021,418.0,False
290,855,VertriebstechnikerIn,AT32,Salzburg,2022,595.0,False
290,855,VertriebstechnikerIn,AT32,Salzburg,2023,425.0,False
290,855,VertriebstechnikerIn,AT32,Salzburg,2024,346.0,False
290,855,VertriebstechnikerIn,AT32,Salzburg,2025,425.0,False
290,855,VertriebstechnikerIn,AT33,Tirol,2020,209.0,False
290,855,VertriebstechnikerIn,AT33,Tirol,2021,343.0,False
290,855,VertriebstechnikerIn,AT33,Tirol,2022,535.0,False
290,855,VertriebstechnikerIn,AT33,Tirol,2023,355.0,False
290,855,VertriebstechnikerIn,AT33,Tirol,2024,378.0,False
290,855,VertriebstechnikerIn,AT33,Tirol,2025,386.0,False
290,855,VertriebstechnikerIn,AT34,Vorarlberg,2020,113.0,False
290,855,VertriebstechnikerIn,AT34,Vorarlberg,2021,215.0,False
290,855,VertriebstechnikerIn,AT34,Vorarlberg,2022,347.0,False
290,855,VertriebstechnikerIn,AT34,Vorarlberg,2023,278.0,False
290,855,VertriebstechnikerIn,AT34,Vorarlberg,2024,254.0,False
290,855,VertriebstechnikerIn,AT34,Vorarlberg,2025,300.0,False
290,923,WirtschaftsingenieurIn,AT,Österreich,2020,2400.0,False
290,923,WirtschaftsingenieurIn,AT,Österreich,2021,2842.0,False
290,923,WirtschaftsingenieurIn,AT,Österreich,2022,4062.0,False
290,923,WirtschaftsingenieurIn,AT,Österreich,2023,3199.0,False
290,923,WirtschaftsingenieurIn,AT,Österreich,2024,2248.0,False
290,923,WirtschaftsingenieurIn,AT,Österreich,2025,2083.0,False
290,923,WirtschaftsingenieurIn,AT11,Burgenland,2020,,True
290,923,WirtschaftsingenieurIn,AT11,Burgenland,2021,26.0,False
290,923,WirtschaftsingenieurIn,AT11,Burgenland,2022,55.0,False
290,923,WirtschaftsingenieurIn,AT11,Burgenland,2023,32.0,False
290,923,WirtschaftsingenieurIn,AT11,Burgenland,2024,20.0,False
290,923,WirtschaftsingenieurIn,AT11,Burgenland,2025,22.0,False
290,923,WirtschaftsingenieurIn,AT12,Niederösterreich,2020,209.0,False
290,923,WirtschaftsingenieurIn,AT12,Niederösterreich,2021,328.0,False
290,923,WirtschaftsingenieurIn,AT12,Niederösterreich,2022,484.0,False
290,923,WirtschaftsingenieurIn,AT12,Niederösterreich,2023,343.0,False
290,923,WirtschaftsingenieurIn,AT12,Niederösterreich,2024,247.0,False
290,923,WirtschaftsingenieurIn,AT12,Niederösterreich,2025,256.0,False
290,923,WirtschaftsingenieurIn,AT13,Wien,2020,409.0,False
290,923,WirtschaftsingenieurIn,AT13,Wien,2021,578.0,False
290,923,WirtschaftsingenieurIn,AT13,Wien,2022,896.0,False
290,923,WirtschaftsingenieurIn,AT13,Wien,2023,820.0,False
290,923,WirtschaftsingenieurIn,AT13,Wien,2024,608.0,False
290,923,WirtschaftsingenieurIn,AT13,Wien,2025,456.0,False
290,923,WirtschaftsingenieurIn,AT21,Kärnten,2020,58.0,False
290,923,WirtschaftsingenieurIn,AT21,Kärnten,2021,75.0,False
290,923,WirtschaftsingenieurIn,AT21,Kärnten,2022,146.0,False
290,923,WirtschaftsingenieurIn,AT21,Kärnten,2023,142.0,False
290,923,WirtschaftsingenieurIn,AT21,Kärnten,2024,80.0,False
290,923,WirtschaftsingenieurIn,AT21,Kärnten,2025,64.0,False
290,923,WirtschaftsingenieurIn,AT22,Steiermark,2020,220.0,False
290,923,WirtschaftsingenieurIn,AT22,Steiermark,2021,324.0,False
290,923,WirtschaftsingenieurIn,AT22,Steiermark,2022,575.0,False
290,923,WirtschaftsingenieurIn,AT22,Steiermark,2023,429.0,False
290,923,WirtschaftsingenieurIn,AT22,Steiermark,2024,248.0,False
290,923,WirtschaftsingenieurIn,AT22,Steiermark,2025,251.0,False
290,923,WirtschaftsingenieurIn,AT31,Oberösterreich,2020,292.0,False
290,923,WirtschaftsingenieurIn,AT31,Oberösterreich,2021,430.0,False
290,923,WirtschaftsingenieurIn,AT31,Oberösterreich,2022,831.0,False
290,923,WirtschaftsingenieurIn,AT31,Oberösterreich,2023,551.0,False
290,923,WirtschaftsingenieurIn,AT31,Oberösterreich,2024,429.0,False
290,923,WirtschaftsingenieurIn,AT31,Oberösterreich,2025,435.0,False
290,923,WirtschaftsingenieurIn,AT32,Salzburg,2020,74.0,False
290,923,WirtschaftsingenieurIn,AT32,Salzburg,2021,131.0,False
290,923,WirtschaftsingenieurIn,AT32,Salzburg,2022,310.0,False
290,923,WirtschaftsingenieurIn,AT32,Salzburg,2023,233.0,False
290,923,WirtschaftsingenieurIn,AT32,Salzburg,2024,147.0,False
290,923,WirtschaftsingenieurIn,AT32,Salzburg,2025,134.0,False
290,923,WirtschaftsingenieurIn,AT33,Tirol,2020,93.0,False
290,923,WirtschaftsingenieurIn,AT33,Tirol,2021,121.0,False
290,923,WirtschaftsingenieurIn,AT33,Tirol,2022,224.0,False
290,923,WirtschaftsingenieurIn,AT33,Tirol,2023,145.0,False
290,923,WirtschaftsingenieurIn,AT33,Tirol,2024,170.0,False
290,923,WirtschaftsingenieurIn,AT33,Tirol,2025,201.0,False
290,923,WirtschaftsingenieurIn,AT34,Vorarlberg,2020,61.0,False
290,923,WirtschaftsingenieurIn,AT34,Vorarlberg,2021,108.0,False
290,923,WirtschaftsingenieurIn,AT34,Vorarlberg,2022,129.0,False
290,923,WirtschaftsingenieurIn,AT34,Vorarlberg,2023,163.0,False
290,923,WirtschaftsingenieurIn,AT34,Vorarlberg,2024,94.0,False
290,923,WirtschaftsingenieurIn,AT34,Vorarlberg,2025,86.0,False
291,400,ControllerIn,AT,Österreich,2020,7098.0,False
291,400,ControllerIn,AT,Österreich,2021,8746.0,False
291,400,ControllerIn,AT,Österreich,2022,11025.0,False
291,400,ControllerIn,AT,Österreich,2023,10362.0,False
291,400,ControllerIn,AT,Österreich,2024,8271.0,False
291,400,ControllerIn,AT,Österreich,2025,6600.0,False
291,400,ControllerIn,AT11,Burgenland,2020,34.0,False
291,400,ControllerIn,AT11,Burgenland,2021,52.0,False
291,400,ControllerIn,AT11,Burgenland,2022,118.0,False
291,400,ControllerIn,AT11,Burgenland,2023,82.0,False
291,400,ControllerIn,AT11,Burgenland,2024,77.0,False
291,400,ControllerIn,AT11,Burgenland,2025,63.0,False
291,400,ControllerIn,AT12,Niederösterreich,2020,619.0,False
291,400,ControllerIn,AT12,Niederösterreich,2021,976.0,False
291,400,ControllerIn,AT12,Niederösterreich,2022,1320.0,False
291,400,ControllerIn,AT12,Niederösterreich,2023,1255.0,False
291,400,ControllerIn,AT12,Niederösterreich,2024,804.0,False
291,400,ControllerIn,AT12,Niederösterreich,2025,754.0,False
291,400,ControllerIn,AT13,Wien,2020,1515.0,False
291,400,ControllerIn,AT13,Wien,2021,2037.0,False
291,400,ControllerIn,AT13,Wien,2022,3049.0,False
291,400,ControllerIn,AT13,Wien,2023,3167.0,False
291,400,ControllerIn,AT13,Wien,2024,2452.0,False
291,400,ControllerIn,AT13,Wien,2025,1767.0,False
291,400,ControllerIn,AT21,Kärnten,2020,113.0,False
291,400,ControllerIn,AT21,Kärnten,2021,263.0,False
291,400,ControllerIn,AT21,Kärnten,2022,431.0,False
291,400,ControllerIn,AT21,Kärnten,2023,318.0,False
291,400,ControllerIn,AT21,Kärnten,2024,278.0,False
291,400,ControllerIn,AT21,Kärnten,2025,243.0,False
291,400,ControllerIn,AT22,Steiermark,2020,623.0,False
291,400,ControllerIn,AT22,Steiermark,2021,967.0,False
291,400,ControllerIn,AT22,Steiermark,2022,1365.0,False
291,400,ControllerIn,AT22,Steiermark,2023,1402.0,False
291,400,ControllerIn,AT22,Steiermark,2024,1041.0,False
291,400,ControllerIn,AT22,Steiermark,2025,858.0,False
291,400,ControllerIn,AT31,Oberösterreich,2020,812.0,False
291,400,ControllerIn,AT31,Oberösterreich,2021,1289.0,False
291,400,ControllerIn,AT31,Oberösterreich,2022,1852.0,False
291,400,ControllerIn,AT31,Oberösterreich,2023,1727.0,False
291,400,ControllerIn,AT31,Oberösterreich,2024,1433.0,False
291,400,ControllerIn,AT31,Oberösterreich,2025,1268.0,False
291,400,ControllerIn,AT32,Salzburg,2020,366.0,False
291,400,ControllerIn,AT32,Salzburg,2021,491.0,False
291,400,ControllerIn,AT32,Salzburg,2022,801.0,False
291,400,ControllerIn,AT32,Salzburg,2023,751.0,False
291,400,ControllerIn,AT32,Salzburg,2024,690.0,False
291,400,ControllerIn,AT32,Salzburg,2025,497.0,False
291,400,ControllerIn,AT33,Tirol,2020,265.0,False
291,400,ControllerIn,AT33,Tirol,2021,436.0,False
291,400,ControllerIn,AT33,Tirol,2022,650.0,False
291,400,ControllerIn,AT33,Tirol,2023,537.0,False
291,400,ControllerIn,AT33,Tirol,2024,460.0,False
291,400,ControllerIn,AT33,Tirol,2025,394.0,False
291,400,ControllerIn,AT34,Vorarlberg,2020,170.0,False
291,400,ControllerIn,AT34,Vorarlberg,2021,309.0,False
291,400,ControllerIn,AT34,Vorarlberg,2022,414.0,False
291,400,ControllerIn,AT34,Vorarlberg,2023,402.0,False
291,400,ControllerIn,AT34,Vorarlberg,2024,400.0,False
291,400,ControllerIn,AT34,Vorarlberg,2025,258.0,False
291,1011,KalkulantIn,AT,Österreich,2020,1941.0,False
291,1011,KalkulantIn,AT,Österreich,2021,2361.0,False
291,1011,KalkulantIn,AT,Österreich,2022,2685.0,False
291,1011,KalkulantIn,AT,Österreich,2023,1736.0,False
291,1011,KalkulantIn,AT,Österreich,2024,1535.0,False
291,1011,KalkulantIn,AT,Österreich,2025,1437.0,False
291,1011,KalkulantIn,AT11,Burgenland,2020,21.0,False
291,1011,KalkulantIn,AT11,Burgenland,2021,21.0,False
291,1011,KalkulantIn,AT11,Burgenland,2022,26.0,False
291,1011,KalkulantIn,AT11,Burgenland,2023,,True
291,1011,KalkulantIn,AT11,Burgenland,2024,,True
291,1011,KalkulantIn,AT11,Burgenland,2025,26.0,False
291,1011,KalkulantIn,AT12,Niederösterreich,2020,248.0,False
291,1011,KalkulantIn,AT12,Niederösterreich,2021,380.0,False
291,1011,KalkulantIn,AT12,Niederösterreich,2022,369.0,False
291,1011,KalkulantIn,AT12,Niederösterreich,2023,213.0,False
291,1011,KalkulantIn,AT12,Niederösterreich,2024,199.0,False
291,1011,KalkulantIn,AT12,Niederösterreich,2025,208.0,False
291,1011,KalkulantIn,AT13,Wien,2020,270.0,False
291,1011,KalkulantIn,AT13,Wien,2021,470.0,False
291,1011,KalkulantIn,AT13,Wien,2022,519.0,False
291,1011,KalkulantIn,AT13,Wien,2023,427.0,False
291,1011,KalkulantIn,AT13,Wien,2024,307.0,False
291,1011,KalkulantIn,AT13,Wien,2025,284.0,False
291,1011,KalkulantIn,AT21,Kärnten,2020,62.0,False
291,1011,KalkulantIn,AT21,Kärnten,2021,95.0,False
291,1011,KalkulantIn,AT21,Kärnten,2022,155.0,False
291,1011,KalkulantIn,AT21,Kärnten,2023,97.0,False
291,1011,KalkulantIn,AT21,Kärnten,2024,90.0,False
291,1011,KalkulantIn,AT21,Kärnten,2025,61.0,False
291,1011,KalkulantIn,AT22,Steiermark,2020,210.0,False
291,1011,KalkulantIn,AT22,Steiermark,2021,227.0,False
291,1011,KalkulantIn,AT22,Steiermark,2022,363.0,False
291,1011,KalkulantIn,AT22,Steiermark,2023,245.0,False
291,1011,KalkulantIn,AT22,Steiermark,2024,250.0,False
291,1011,KalkulantIn,AT22,Steiermark,2025,185.0,False
291,1011,KalkulantIn,AT31,Oberösterreich,2020,272.0,False
291,1011,KalkulantIn,AT31,Oberösterreich,2021,426.0,False
291,1011,KalkulantIn,AT31,Oberösterreich,2022,600.0,False
291,1011,KalkulantIn,AT31,Oberösterreich,2023,371.0,False
291,1011,KalkulantIn,AT31,Oberösterreich,2024,310.0,False
291,1011,KalkulantIn,AT31,Oberösterreich,2025,359.0,False
291,1011,KalkulantIn,AT32,Salzburg,2020,97.0,False
291,1011,KalkulantIn,AT32,Salzburg,2021,101.0,False
291,1011,KalkulantIn,AT32,Salzburg,2022,139.0,False
291,1011,KalkulantIn,AT32,Salzburg,2023,106.0,False
291,1011,KalkulantIn,AT32,Salzburg,2024,93.0,False
291,1011,KalkulantIn,AT32,Salzburg,2025,80.0,False
291,1011,KalkulantIn,AT33,Tirol,2020,86.0,False
291,1011,KalkulantIn,AT33,Tirol,2021,115.0,False
291,1011,KalkulantIn,AT33,Tirol,2022,147.0,False
291,1011,KalkulantIn,AT33,Tirol,2023,64.0,False
291,1011,KalkulantIn,AT33,Tirol,2024,80.0,False
291,1011,KalkulantIn,AT33,Tirol,2025,57.0,False
291,1011,KalkulantIn,AT34,Vorarlberg,2020,68.0,False
291,1011,KalkulantIn,AT34,Vorarlberg,2021,76.0,False
291,1011,KalkulantIn,AT34,Vorarlberg,2022,97.0,False
291,1011,KalkulantIn,AT34,Vorarlberg,2023,57.0,False
291,1011,KalkulantIn,AT34,Vorarlberg,2024,37.0,False
291,1011,KalkulantIn,AT34,Vorarlberg,2025,65.0,False
291,1113,PersonalberaterIn,AT,Österreich,2020,1648.0,False
291,1113,PersonalberaterIn,AT,Österreich,2021,2533.0,False
291,1113,PersonalberaterIn,AT,Österreich,2022,2835.0,False
291,1113,PersonalberaterIn,AT,Österreich,2023,2228.0,False
291,1113,PersonalberaterIn,AT,Österreich,2024,2065.0,False
291,1113,PersonalberaterIn,AT,Österreich,2025,1684.0,False
291,1113,PersonalberaterIn,AT11,Burgenland,2020,,True
291,1113,PersonalberaterIn,AT11,Burgenland,2021,,True
291,1113,PersonalberaterIn,AT11,Burgenland,2022,,True
291,1113,PersonalberaterIn,AT11,Burgenland,2023,,True
291,1113,PersonalberaterIn,AT11,Burgenland,2024,,True
291,1113,PersonalberaterIn,AT11,Burgenland,2025,,True
291,1113,PersonalberaterIn,AT12,Niederösterreich,2020,111.0,False
291,1113,PersonalberaterIn,AT12,Niederösterreich,2021,183.0,False
291,1113,PersonalberaterIn,AT12,Niederösterreich,2022,249.0,False
291,1113,PersonalberaterIn,AT12,Niederösterreich,2023,186.0,False
291,1113,PersonalberaterIn,AT12,Niederösterreich,2024,200.0,False
291,1113,PersonalberaterIn,AT12,Niederösterreich,2025,163.0,False
291,1113,PersonalberaterIn,AT13,Wien,2020,349.0,False
291,1113,PersonalberaterIn,AT13,Wien,2021,658.0,False
291,1113,PersonalberaterIn,AT13,Wien,2022,872.0,False
291,1113,PersonalberaterIn,AT13,Wien,2023,744.0,False
291,1113,PersonalberaterIn,AT13,Wien,2024,711.0,False
291,1113,PersonalberaterIn,AT13,Wien,2025,461.0,False
291,1113,PersonalberaterIn,AT21,Kärnten,2020,28.0,False
291,1113,PersonalberaterIn,AT21,Kärnten,2021,66.0,False
291,1113,PersonalberaterIn,AT21,Kärnten,2022,152.0,False
291,1113,PersonalberaterIn,AT21,Kärnten,2023,86.0,False
291,1113,PersonalberaterIn,AT21,Kärnten,2024,77.0,False
291,1113,PersonalberaterIn,AT21,Kärnten,2025,82.0,False
291,1113,PersonalberaterIn,AT22,Steiermark,2020,146.0,False
291,1113,PersonalberaterIn,AT22,Steiermark,2021,260.0,False
291,1113,PersonalberaterIn,AT22,Steiermark,2022,283.0,False
291,1113,PersonalberaterIn,AT22,Steiermark,2023,264.0,False
291,1113,PersonalberaterIn,AT22,Steiermark,2024,217.0,False
291,1113,PersonalberaterIn,AT22,Steiermark,2025,206.0,False
291,1113,PersonalberaterIn,AT31,Oberösterreich,2020,316.0,False
291,1113,PersonalberaterIn,AT31,Oberösterreich,2021,468.0,False
291,1113,PersonalberaterIn,AT31,Oberösterreich,2022,538.0,False
291,1113,PersonalberaterIn,AT31,Oberösterreich,2023,455.0,False
291,1113,PersonalberaterIn,AT31,Oberösterreich,2024,357.0,False
291,1113,PersonalberaterIn,AT31,Oberösterreich,2025,314.0,False
291,1113,PersonalberaterIn,AT32,Salzburg,2020,65.0,False
291,1113,PersonalberaterIn,AT32,Salzburg,2021,134.0,False
291,1113,PersonalberaterIn,AT32,Salzburg,2022,194.0,False
291,1113,PersonalberaterIn,AT32,Salzburg,2023,167.0,False
291,1113,PersonalberaterIn,AT32,Salzburg,2024,159.0,False
291,1113,PersonalberaterIn,AT32,Salzburg,2025,119.0,False
291,1113,PersonalberaterIn,AT33,Tirol,2020,73.0,False
291,1113,PersonalberaterIn,AT33,Tirol,2021,105.0,False
291,1113,PersonalberaterIn,AT33,Tirol,2022,130.0,False
291,1113,PersonalberaterIn,AT33,Tirol,2023,84.0,False
291,1113,PersonalberaterIn,AT33,Tirol,2024,97.0,False
291,1113,PersonalberaterIn,AT33,Tirol,2025,119.0,False
291,1113,PersonalberaterIn,AT34,Vorarlberg,2020,40.0,False
291,1113,PersonalberaterIn,AT34,Vorarlberg,2021,85.0,False
291,1113,PersonalberaterIn,AT34,Vorarlberg,2022,108.0,False
291,1113,PersonalberaterIn,AT34,Vorarlberg,2023,68.0,False
291,1113,PersonalberaterIn,AT34,Vorarlberg,2024,80.0,False
291,1113,PersonalberaterIn,AT34,Vorarlberg,2025,64.0,False
291,1244,SteuerassistentIn,AT,Österreich,2020,485.0,False
291,1244,SteuerassistentIn,AT,Österreich,2021,494.0,False
291,1244,SteuerassistentIn,AT,Österreich,2022,485.0,False
291,1244,SteuerassistentIn,AT,Österreich,2023,706.0,False
291,1244,SteuerassistentIn,AT,Österreich,2024,805.0,False
291,1244,SteuerassistentIn,AT,Österreich,2025,534.0,False
291,1244,SteuerassistentIn,AT11,Burgenland,2020,,True
291,1244,SteuerassistentIn,AT11,Burgenland,2021,,True
291,1244,SteuerassistentIn,AT11,Burgenland,2022,,True
291,1244,SteuerassistentIn,AT11,Burgenland,2023,,True
291,1244,SteuerassistentIn,AT11,Burgenland,2024,,True
291,1244,SteuerassistentIn,AT11,Burgenland,2025,,True
291,1244,SteuerassistentIn,AT12,Niederösterreich,2020,31.0,False
291,1244,SteuerassistentIn,AT12,Niederösterreich,2021,53.0,False
291,1244,SteuerassistentIn,AT12,Niederösterreich,2022,77.0,False
291,1244,SteuerassistentIn,AT12,Niederösterreich,2023,85.0,False
291,1244,SteuerassistentIn,AT12,Niederösterreich,2024,107.0,False
291,1244,SteuerassistentIn,AT12,Niederösterreich,2025,69.0,False
291,1244,SteuerassistentIn,AT13,Wien,2020,21.0,False
291,1244,SteuerassistentIn,AT13,Wien,2021,66.0,False
291,1244,SteuerassistentIn,AT13,Wien,2022,73.0,False
291,1244,SteuerassistentIn,AT13,Wien,2023,175.0,False
291,1244,SteuerassistentIn,AT13,Wien,2024,194.0,False
291,1244,SteuerassistentIn,AT13,Wien,2025,153.0,False
291,1244,SteuerassistentIn,AT21,Kärnten,2020,,True
291,1244,SteuerassistentIn,AT21,Kärnten,2021,25.0,False
291,1244,SteuerassistentIn,AT21,Kärnten,2022,31.0,False
291,1244,SteuerassistentIn,AT21,Kärnten,2023,30.0,False
291,1244,SteuerassistentIn,AT21,Kärnten,2024,36.0,False
291,1244,SteuerassistentIn,AT21,Kärnten,2025,,True
291,1244,SteuerassistentIn,AT22,Steiermark,2020,20.0,False
291,1244,SteuerassistentIn,AT22,Steiermark,2021,45.0,False
291,1244,SteuerassistentIn,AT22,Steiermark,2022,57.0,False
291,1244,SteuerassistentIn,AT22,Steiermark,2023,89.0,False
291,1244,SteuerassistentIn,AT22,Steiermark,2024,96.0,False
291,1244,SteuerassistentIn,AT22,Steiermark,2025,52.0,False
291,1244,SteuerassistentIn,AT31,Oberösterreich,2020,46.0,False
291,1244,SteuerassistentIn,AT31,Oberösterreich,2021,72.0,False
291,1244,SteuerassistentIn,AT31,Oberösterreich,2022,97.0,False
291,1244,SteuerassistentIn,AT31,Oberösterreich,2023,113.0,False
291,1244,SteuerassistentIn,AT31,Oberösterreich,2024,131.0,False
291,1244,SteuerassistentIn,AT31,Oberösterreich,2025,104.0,False
291,1244,SteuerassistentIn,AT32,Salzburg,2020,,True
291,1244,SteuerassistentIn,AT32,Salzburg,2021,32.0,False
291,1244,SteuerassistentIn,AT32,Salzburg,2022,32.0,False
291,1244,SteuerassistentIn,AT32,Salzburg,2023,70.0,False
291,1244,SteuerassistentIn,AT32,Salzburg,2024,45.0,False
291,1244,SteuerassistentIn,AT32,Salzburg,2025,40.0,False
291,1244,SteuerassistentIn,AT33,Tirol,2020,22.0,False
291,1244,SteuerassistentIn,AT33,Tirol,2021,,True
291,1244,SteuerassistentIn,AT33,Tirol,2022,36.0,False
291,1244,SteuerassistentIn,AT33,Tirol,2023,51.0,False
291,1244,SteuerassistentIn,AT33,Tirol,2024,58.0,False
291,1244,SteuerassistentIn,AT33,Tirol,2025,52.0,False
291,1244,SteuerassistentIn,AT34,Vorarlberg,2020,,True
291,1244,SteuerassistentIn,AT34,Vorarlberg,2021,23.0,False
291,1244,SteuerassistentIn,AT34,Vorarlberg,2022,,True
291,1244,SteuerassistentIn,AT34,Vorarlberg,2023,,True
291,1244,SteuerassistentIn,AT34,Vorarlberg,2024,25.0,False
291,1244,SteuerassistentIn,AT34,Vorarlberg,2025,,True
291,992,TranslatorIn,AT,Österreich,2020,247.0,False
291,992,TranslatorIn,AT,Österreich,2021,353.0,False
291,992,TranslatorIn,AT,Österreich,2022,376.0,False
291,992,TranslatorIn,AT,Österreich,2023,224.0,False
291,992,TranslatorIn,AT,Österreich,2024,379.0,False
291,992,TranslatorIn,AT,Österreich,2025,278.0,False
291,992,TranslatorIn,AT11,Burgenland,2020,,True
291,992,TranslatorIn,AT11,Burgenland,2021,,True
291,992,TranslatorIn,AT11,Burgenland,2022,,True
291,992,TranslatorIn,AT11,Burgenland,2023,,True
291,992,TranslatorIn,AT11,Burgenland,2024,,True
291,992,TranslatorIn,AT11,Burgenland,2025,,True
291,992,TranslatorIn,AT12,Niederösterreich,2020,,True
291,992,TranslatorIn,AT12,Niederösterreich,2021,,True
291,992,TranslatorIn,AT12,Niederösterreich,2022,23.0,False
291,992,TranslatorIn,AT12,Niederösterreich,2023,,True
291,992,TranslatorIn,AT12,Niederösterreich,2024,77.0,False
291,992,TranslatorIn,AT12,Niederösterreich,2025,35.0,False
291,992,TranslatorIn,AT13,Wien,2020,60.0,False
291,992,TranslatorIn,AT13,Wien,2021,94.0,False
291,992,TranslatorIn,AT13,Wien,2022,122.0,False
291,992,TranslatorIn,AT13,Wien,2023,87.0,False
291,992,TranslatorIn,AT13,Wien,2024,78.0,False
291,992,TranslatorIn,AT13,Wien,2025,81.0,False
291,992,TranslatorIn,AT21,Kärnten,2020,,True
291,992,TranslatorIn,AT21,Kärnten,2021,,True
291,992,TranslatorIn,AT21,Kärnten,2022,,True
291,992,TranslatorIn,AT21,Kärnten,2023,,True
291,992,TranslatorIn,AT21,Kärnten,2024,,True
291,992,TranslatorIn,AT21,Kärnten,2025,,True
291,992,TranslatorIn,AT22,Steiermark,2020,,True
291,992,TranslatorIn,AT22,Steiermark,2021,26.0,False
291,992,TranslatorIn,AT22,Steiermark,2022,42.0,False
291,992,TranslatorIn,AT22,Steiermark,2023,43.0,False
291,992,TranslatorIn,AT22,Steiermark,2024,47.0,False
291,992,TranslatorIn,AT22,Steiermark,2025,32.0,False
291,992,TranslatorIn,AT31,Oberösterreich,2020,26.0,False
291,992,TranslatorIn,AT31,Oberösterreich,2021,41.0,False
291,992,TranslatorIn,AT31,Oberösterreich,2022,48.0,False
291,992,TranslatorIn,AT31,Oberösterreich,2023,28.0,False
291,992,TranslatorIn,AT31,Oberösterreich,2024,45.0,False
291,992,TranslatorIn,AT31,Oberösterreich,2025,30.0,False
291,992,TranslatorIn,AT32,Salzburg,2020,28.0,False
291,992,TranslatorIn,AT32,Salzburg,2021,,True
291,992,TranslatorIn,AT32,Salzburg,2022,30.0,False
291,992,TranslatorIn,AT32,Salzburg,2023,,True
291,992,TranslatorIn,AT32,Salzburg,2024,20.0,False
291,992,TranslatorIn,AT32,Salzburg,2025,20.0,False
291,992,TranslatorIn,AT33,Tirol,2020,,True
291,992,TranslatorIn,AT33,Tirol,2021,,True
291,992,TranslatorIn,AT33,Tirol,2022,,True
291,992,TranslatorIn,AT33,Tirol,2023,,True
291,992,TranslatorIn,AT33,Tirol,2024,44.0,False
291,992,TranslatorIn,AT33,Tirol,2025,38.0,False
291,992,TranslatorIn,AT34,Vorarlberg,2020,,True
291,992,TranslatorIn,AT34,Vorarlberg,2021,20.0,False
291,992,TranslatorIn,AT34,Vorarlberg,2022,,True
291,992,TranslatorIn,AT34,Vorarlberg,2023,,True
291,992,TranslatorIn,AT34,Vorarlberg,2024,,True
291,992,TranslatorIn,AT34,Vorarlberg,2025,,True
291,548,UnternehmensberaterIn,AT,Österreich,2020,2479.0,False
291,548,UnternehmensberaterIn,AT,Österreich,2021,3029.0,False
291,548,UnternehmensberaterIn,AT,Österreich,2022,4007.0,False
291,548,UnternehmensberaterIn,AT,Österreich,2023,3041.0,False
291,548,UnternehmensberaterIn,AT,Österreich,2024,2290.0,False
291,548,UnternehmensberaterIn,AT,Österreich,2025,2095.0,False
291,548,UnternehmensberaterIn,AT11,Burgenland,2020,,True
291,548,UnternehmensberaterIn,AT11,Burgenland,2021,,True
291,548,UnternehmensberaterIn,AT11,Burgenland,2022,,True
291,548,UnternehmensberaterIn,AT11,Burgenland,2023,26.0,False
291,548,UnternehmensberaterIn,AT11,Burgenland,2024,,True
291,548,UnternehmensberaterIn,AT11,Burgenland,2025,31.0,False
291,548,UnternehmensberaterIn,AT12,Niederösterreich,2020,136.0,False
291,548,UnternehmensberaterIn,AT12,Niederösterreich,2021,179.0,False
291,548,UnternehmensberaterIn,AT12,Niederösterreich,2022,323.0,False
291,548,UnternehmensberaterIn,AT12,Niederösterreich,2023,169.0,False
291,548,UnternehmensberaterIn,AT12,Niederösterreich,2024,192.0,False
291,548,UnternehmensberaterIn,AT12,Niederösterreich,2025,161.0,False
291,548,UnternehmensberaterIn,AT13,Wien,2020,720.0,False
291,548,UnternehmensberaterIn,AT13,Wien,2021,1108.0,False
291,548,UnternehmensberaterIn,AT13,Wien,2022,1610.0,False
291,548,UnternehmensberaterIn,AT13,Wien,2023,1386.0,False
291,548,UnternehmensberaterIn,AT13,Wien,2024,1036.0,False
291,548,UnternehmensberaterIn,AT13,Wien,2025,870.0,False
291,548,UnternehmensberaterIn,AT21,Kärnten,2020,33.0,False
291,548,UnternehmensberaterIn,AT21,Kärnten,2021,70.0,False
291,548,UnternehmensberaterIn,AT21,Kärnten,2022,124.0,False
291,548,UnternehmensberaterIn,AT21,Kärnten,2023,65.0,False
291,548,UnternehmensberaterIn,AT21,Kärnten,2024,62.0,False
291,548,UnternehmensberaterIn,AT21,Kärnten,2025,71.0,False
291,548,UnternehmensberaterIn,AT22,Steiermark,2020,139.0,False
291,548,UnternehmensberaterIn,AT22,Steiermark,2021,214.0,False
291,548,UnternehmensberaterIn,AT22,Steiermark,2022,368.0,False
291,548,UnternehmensberaterIn,AT22,Steiermark,2023,299.0,False
291,548,UnternehmensberaterIn,AT22,Steiermark,2024,181.0,False
291,548,UnternehmensberaterIn,AT22,Steiermark,2025,205.0,False
291,548,UnternehmensberaterIn,AT31,Oberösterreich,2020,162.0,False
291,548,UnternehmensberaterIn,AT31,Oberösterreich,2021,340.0,False
291,548,UnternehmensberaterIn,AT31,Oberösterreich,2022,494.0,False
291,548,UnternehmensberaterIn,AT31,Oberösterreich,2023,364.0,False
291,548,UnternehmensberaterIn,AT31,Oberösterreich,2024,228.0,False
291,548,UnternehmensberaterIn,AT31,Oberösterreich,2025,241.0,False
291,548,UnternehmensberaterIn,AT32,Salzburg,2020,97.0,False
291,548,UnternehmensberaterIn,AT32,Salzburg,2021,152.0,False
291,548,UnternehmensberaterIn,AT32,Salzburg,2022,205.0,False
291,548,UnternehmensberaterIn,AT32,Salzburg,2023,150.0,False
291,548,UnternehmensberaterIn,AT32,Salzburg,2024,121.0,False
291,548,UnternehmensberaterIn,AT32,Salzburg,2025,176.0,False
291,548,UnternehmensberaterIn,AT33,Tirol,2020,90.0,False
291,548,UnternehmensberaterIn,AT33,Tirol,2021,130.0,False
291,548,UnternehmensberaterIn,AT33,Tirol,2022,256.0,False
291,548,UnternehmensberaterIn,AT33,Tirol,2023,158.0,False
291,548,UnternehmensberaterIn,AT33,Tirol,2024,171.0,False
291,548,UnternehmensberaterIn,AT33,Tirol,2025,91.0,False
291,548,UnternehmensberaterIn,AT34,Vorarlberg,2020,48.0,False
291,548,UnternehmensberaterIn,AT34,Vorarlberg,2021,71.0,False
291,548,UnternehmensberaterIn,AT34,Vorarlberg,2022,84.0,False
291,548,UnternehmensberaterIn,AT34,Vorarlberg,2023,62.0,False
291,548,UnternehmensberaterIn,AT34,Vorarlberg,2024,46.0,False
291,548,UnternehmensberaterIn,AT34,Vorarlberg,2025,61.0,False
291,798,WirtschaftstreuhänderIn,AT,Österreich,2020,3708.0,False
291,798,WirtschaftstreuhänderIn,AT,Österreich,2021,4725.0,False
291,798,WirtschaftstreuhänderIn,AT,Österreich,2022,4779.0,False
291,798,WirtschaftstreuhänderIn,AT,Österreich,2023,5336.0,False
291,798,WirtschaftstreuhänderIn,AT,Österreich,2024,5293.0,False
291,798,WirtschaftstreuhänderIn,AT,Österreich,2025,4901.0,False
291,798,WirtschaftstreuhänderIn,AT11,Burgenland,2020,22.0,False
291,798,WirtschaftstreuhänderIn,AT11,Burgenland,2021,29.0,False
291,798,WirtschaftstreuhänderIn,AT11,Burgenland,2022,70.0,False
291,798,WirtschaftstreuhänderIn,AT11,Burgenland,2023,43.0,False
291,798,WirtschaftstreuhänderIn,AT11,Burgenland,2024,45.0,False
291,798,WirtschaftstreuhänderIn,AT11,Burgenland,2025,39.0,False
291,798,WirtschaftstreuhänderIn,AT12,Niederösterreich,2020,277.0,False
291,798,WirtschaftstreuhänderIn,AT12,Niederösterreich,2021,391.0,False
291,798,WirtschaftstreuhänderIn,AT12,Niederösterreich,2022,477.0,False
291,798,WirtschaftstreuhänderIn,AT12,Niederösterreich,2023,506.0,False
291,798,WirtschaftstreuhänderIn,AT12,Niederösterreich,2024,373.0,False
291,798,WirtschaftstreuhänderIn,AT12,Niederösterreich,2025,401.0,False
291,798,WirtschaftstreuhänderIn,AT13,Wien,2020,914.0,False
291,798,WirtschaftstreuhänderIn,AT13,Wien,2021,1325.0,False
291,798,WirtschaftstreuhänderIn,AT13,Wien,2022,1531.0,False
291,798,WirtschaftstreuhänderIn,AT13,Wien,2023,1985.0,False
291,798,WirtschaftstreuhänderIn,AT13,Wien,2024,1907.0,False
291,798,WirtschaftstreuhänderIn,AT13,Wien,2025,1878.0,False
291,798,WirtschaftstreuhänderIn,AT21,Kärnten,2020,52.0,False
291,798,WirtschaftstreuhänderIn,AT21,Kärnten,2021,159.0,False
291,798,WirtschaftstreuhänderIn,AT21,Kärnten,2022,292.0,False
291,798,WirtschaftstreuhänderIn,AT21,Kärnten,2023,320.0,False
291,798,WirtschaftstreuhänderIn,AT21,Kärnten,2024,270.0,False
291,798,WirtschaftstreuhänderIn,AT21,Kärnten,2025,346.0,False
291,798,WirtschaftstreuhänderIn,AT22,Steiermark,2020,215.0,False
291,798,WirtschaftstreuhänderIn,AT22,Steiermark,2021,431.0,False
291,798,WirtschaftstreuhänderIn,AT22,Steiermark,2022,519.0,False
291,798,WirtschaftstreuhänderIn,AT22,Steiermark,2023,470.0,False
291,798,WirtschaftstreuhänderIn,AT22,Steiermark,2024,448.0,False
291,798,WirtschaftstreuhänderIn,AT22,Steiermark,2025,490.0,False
291,798,WirtschaftstreuhänderIn,AT31,Oberösterreich,2020,411.0,False
291,798,WirtschaftstreuhänderIn,AT31,Oberösterreich,2021,664.0,False
291,798,WirtschaftstreuhänderIn,AT31,Oberösterreich,2022,685.0,False
291,798,WirtschaftstreuhänderIn,AT31,Oberösterreich,2023,692.0,False
291,798,WirtschaftstreuhänderIn,AT31,Oberösterreich,2024,836.0,False
291,798,WirtschaftstreuhänderIn,AT31,Oberösterreich,2025,686.0,False
291,798,WirtschaftstreuhänderIn,AT32,Salzburg,2020,170.0,False
291,798,WirtschaftstreuhänderIn,AT32,Salzburg,2021,262.0,False
291,798,WirtschaftstreuhänderIn,AT32,Salzburg,2022,324.0,False
291,798,WirtschaftstreuhänderIn,AT32,Salzburg,2023,358.0,False
291,798,WirtschaftstreuhänderIn,AT32,Salzburg,2024,393.0,False
291,798,WirtschaftstreuhänderIn,AT32,Salzburg,2025,396.0,False
291,798,WirtschaftstreuhänderIn,AT33,Tirol,2020,148.0,False
291,798,WirtschaftstreuhänderIn,AT33,Tirol,2021,178.0,False
291,798,WirtschaftstreuhänderIn,AT33,Tirol,2022,269.0,False
291,798,WirtschaftstreuhänderIn,AT33,Tirol,2023,304.0,False
291,798,WirtschaftstreuhänderIn,AT33,Tirol,2024,229.0,False
291,798,WirtschaftstreuhänderIn,AT33,Tirol,2025,208.0,False
291,798,WirtschaftstreuhänderIn,AT34,Vorarlberg,2020,87.0,False
291,798,WirtschaftstreuhänderIn,AT34,Vorarlberg,2021,153.0,False
291,798,WirtschaftstreuhänderIn,AT34,Vorarlberg,2022,128.0,False
291,798,WirtschaftstreuhänderIn,AT34,Vorarlberg,2023,149.0,False
291,798,WirtschaftstreuhänderIn,AT34,Vorarlberg,2024,239.0,False
291,798,WirtschaftstreuhänderIn,AT34,Vorarlberg,2025,166.0,False
295,1268,Data Scientist (m/w),AT,Österreich,2020,3049.0,False
295,1268,Data Scientist (m/w),AT,Österreich,2021,3866.0,False
295,1268,Data Scientist (m/w),AT,Österreich,2022,5032.0,False
295,1268,Data Scientist (m/w),AT,Österreich,2023,3471.0,False
295,1268,Data Scientist (m/w),AT,Österreich,2024,2680.0,False
295,1268,Data Scientist (m/w),AT,Österreich,2025,2207.0,False
295,1268,Data Scientist (m/w),AT11,Burgenland,2020,,True
295,1268,Data Scientist (m/w),AT11,Burgenland,2021,,True
295,1268,Data Scientist (m/w),AT11,Burgenland,2022,,True
295,1268,Data Scientist (m/w),AT11,Burgenland,2023,,True
295,1268,Data Scientist (m/w),AT11,Burgenland,2024,,True
295,1268,Data Scientist (m/w),AT11,Burgenland,2025,,True
295,1268,Data Scientist (m/w),AT12,Niederösterreich,2020,180.0,False
295,1268,Data Scientist (m/w),AT12,Niederösterreich,2021,264.0,False
295,1268,Data Scientist (m/w),AT12,Niederösterreich,2022,361.0,False
295,1268,Data Scientist (m/w),AT12,Niederösterreich,2023,218.0,False
295,1268,Data Scientist (m/w),AT12,Niederösterreich,2024,140.0,False
295,1268,Data Scientist (m/w),AT12,Niederösterreich,2025,109.0,False
295,1268,Data Scientist (m/w),AT13,Wien,2020,811.0,False
295,1268,Data Scientist (m/w),AT13,Wien,2021,1291.0,False
295,1268,Data Scientist (m/w),AT13,Wien,2022,1809.0,False
295,1268,Data Scientist (m/w),AT13,Wien,2023,1472.0,False
295,1268,Data Scientist (m/w),AT13,Wien,2024,1152.0,False
295,1268,Data Scientist (m/w),AT13,Wien,2025,935.0,False
295,1268,Data Scientist (m/w),AT21,Kärnten,2020,47.0,False
295,1268,Data Scientist (m/w),AT21,Kärnten,2021,85.0,False
295,1268,Data Scientist (m/w),AT21,Kärnten,2022,161.0,False
295,1268,Data Scientist (m/w),AT21,Kärnten,2023,115.0,False
295,1268,Data Scientist (m/w),AT21,Kärnten,2024,78.0,False
295,1268,Data Scientist (m/w),AT21,Kärnten,2025,59.0,False
295,1268,Data Scientist (m/w),AT22,Steiermark,2020,224.0,False
295,1268,Data Scientist (m/w),AT22,Steiermark,2021,268.0,False
295,1268,Data Scientist (m/w),AT22,Steiermark,2022,423.0,False
295,1268,Data Scientist (m/w),AT22,Steiermark,2023,277.0,False
295,1268,Data Scientist (m/w),AT22,Steiermark,2024,271.0,False
295,1268,Data Scientist (m/w),AT22,Steiermark,2025,300.0,False
295,1268,Data Scientist (m/w),AT31,Oberösterreich,2020,336.0,False
295,1268,Data Scientist (m/w),AT31,Oberösterreich,2021,549.0,False
295,1268,Data Scientist (m/w),AT31,Oberösterreich,2022,885.0,False
295,1268,Data Scientist (m/w),AT31,Oberösterreich,2023,565.0,False
295,1268,Data Scientist (m/w),AT31,Oberösterreich,2024,400.0,False
295,1268,Data Scientist (m/w),AT31,Oberösterreich,2025,299.0,False
295,1268,Data Scientist (m/w),AT32,Salzburg,2020,137.0,False
295,1268,Data Scientist (m/w),AT32,Salzburg,2021,207.0,False
295,1268,Data Scientist (m/w),AT32,Salzburg,2022,406.0,False
295,1268,Data Scientist (m/w),AT32,Salzburg,2023,235.0,False
295,1268,Data Scientist (m/w),AT32,Salzburg,2024,152.0,False
295,1268,Data Scientist (m/w),AT32,Salzburg,2025,151.0,False
295,1268,Data Scientist (m/w),AT33,Tirol,2020,106.0,False
295,1268,Data Scientist (m/w),AT33,Tirol,2021,172.0,False
295,1268,Data Scientist (m/w),AT33,Tirol,2022,205.0,False
295,1268,Data Scientist (m/w),AT33,Tirol,2023,131.0,False
295,1268,Data Scientist (m/w),AT33,Tirol,2024,127.0,False
295,1268,Data Scientist (m/w),AT33,Tirol,2025,89.0,False
295,1268,Data Scientist (m/w),AT34,Vorarlberg,2020,51.0,False
295,1268,Data Scientist (m/w),AT34,Vorarlberg,2021,71.0,False
295,1268,Data Scientist (m/w),AT34,Vorarlberg,2022,180.0,False
295,1268,Data Scientist (m/w),AT34,Vorarlberg,2023,134.0,False
295,1268,Data Scientist (m/w),AT34,Vorarlberg,2024,83.0,False
295,1268,Data Scientist (m/w),AT34,Vorarlberg,2025,66.0,False
295,602,Data-Warehouse-ManagerIn,AT,Österreich,2020,990.0,False
295,602,Data-Warehouse-ManagerIn,AT,Österreich,2021,1082.0,False
295,602,Data-Warehouse-ManagerIn,AT,Österreich,2022,1389.0,False
295,602,Data-Warehouse-ManagerIn,AT,Österreich,2023,916.0,False
295,602,Data-Warehouse-ManagerIn,AT,Österreich,2024,590.0,False
295,602,Data-Warehouse-ManagerIn,AT,Österreich,2025,505.0,False
295,602,Data-Warehouse-ManagerIn,AT11,Burgenland,2020,,True
295,602,Data-Warehouse-ManagerIn,AT11,Burgenland,2021,,True
295,602,Data-Warehouse-ManagerIn,AT11,Burgenland,2022,,True
295,602,Data-Warehouse-ManagerIn,AT11,Burgenland,2023,,True
295,602,Data-Warehouse-ManagerIn,AT11,Burgenland,2024,,True
295,602,Data-Warehouse-ManagerIn,AT11,Burgenland,2025,,True
295,602,Data-Warehouse-ManagerIn,AT12,Niederösterreich,2020,53.0,False
295,602,Data-Warehouse-ManagerIn,AT12,Niederösterreich,2021,67.0,False
295,602,Data-Warehouse-ManagerIn,AT12,Niederösterreich,2022,90.0,False
295,602,Data-Warehouse-ManagerIn,AT12,Niederösterreich,2023,86.0,False
295,602,Data-Warehouse-ManagerIn,AT12,Niederösterreich,2024,46.0,False
295,602,Data-Warehouse-ManagerIn,AT12,Niederösterreich,2025,43.0,False
295,602,Data-Warehouse-ManagerIn,AT13,Wien,2020,251.0,False
295,602,Data-Warehouse-ManagerIn,AT13,Wien,2021,389.0,False
295,602,Data-Warehouse-ManagerIn,AT13,Wien,2022,501.0,False
295,602,Data-Warehouse-ManagerIn,AT13,Wien,2023,369.0,False
295,602,Data-Warehouse-ManagerIn,AT13,Wien,2024,244.0,False
295,602,Data-Warehouse-ManagerIn,AT13,Wien,2025,200.0,False
295,602,Data-Warehouse-ManagerIn,AT21,Kärnten,2020,,True
295,602,Data-Warehouse-ManagerIn,AT21,Kärnten,2021,32.0,False
295,602,Data-Warehouse-ManagerIn,AT21,Kärnten,2022,56.0,False
295,602,Data-Warehouse-ManagerIn,AT21,Kärnten,2023,48.0,False
295,602,Data-Warehouse-ManagerIn,AT21,Kärnten,2024,46.0,False
295,602,Data-Warehouse-ManagerIn,AT21,Kärnten,2025,30.0,False
295,602,Data-Warehouse-ManagerIn,AT22,Steiermark,2020,81.0,False
295,602,Data-Warehouse-ManagerIn,AT22,Steiermark,2021,79.0,False
295,602,Data-Warehouse-ManagerIn,AT22,Steiermark,2022,115.0,False
295,602,Data-Warehouse-ManagerIn,AT22,Steiermark,2023,58.0,False
295,602,Data-Warehouse-ManagerIn,AT22,Steiermark,2024,42.0,False
295,602,Data-Warehouse-ManagerIn,AT22,Steiermark,2025,51.0,False
295,602,Data-Warehouse-ManagerIn,AT31,Oberösterreich,2020,79.0,False
295,602,Data-Warehouse-ManagerIn,AT31,Oberösterreich,2021,132.0,False
295,602,Data-Warehouse-ManagerIn,AT31,Oberösterreich,2022,222.0,False
295,602,Data-Warehouse-ManagerIn,AT31,Oberösterreich,2023,163.0,False
295,602,Data-Warehouse-ManagerIn,AT31,Oberösterreich,2024,85.0,False
295,602,Data-Warehouse-ManagerIn,AT31,Oberösterreich,2025,72.0,False
295,602,Data-Warehouse-ManagerIn,AT32,Salzburg,2020,63.0,False
295,602,Data-Warehouse-ManagerIn,AT32,Salzburg,2021,60.0,False
295,602,Data-Warehouse-ManagerIn,AT32,Salzburg,2022,128.0,False
295,602,Data-Warehouse-ManagerIn,AT32,Salzburg,2023,64.0,False
295,602,Data-Warehouse-ManagerIn,AT32,Salzburg,2024,37.0,False
295,602,Data-Warehouse-ManagerIn,AT32,Salzburg,2025,32.0,False
295,602,Data-Warehouse-ManagerIn,AT33,Tirol,2020,38.0,False
295,602,Data-Warehouse-ManagerIn,AT33,Tirol,2021,63.0,False
295,602,Data-Warehouse-ManagerIn,AT33,Tirol,2022,99.0,False
295,602,Data-Warehouse-ManagerIn,AT33,Tirol,2023,41.0,False
295,602,Data-Warehouse-ManagerIn,AT33,Tirol,2024,31.0,False
295,602,Data-Warehouse-ManagerIn,AT33,Tirol,2025,,True
295,602,Data-Warehouse-ManagerIn,AT34,Vorarlberg,2020,20.0,False
295,602,Data-Warehouse-ManagerIn,AT34,Vorarlberg,2021,20.0,False
295,602,Data-Warehouse-ManagerIn,AT34,Vorarlberg,2022,42.0,False
295,602,Data-Warehouse-ManagerIn,AT34,Vorarlberg,2023,,True
295,602,Data-Warehouse-ManagerIn,AT34,Vorarlberg,2024,,True
295,602,Data-Warehouse-ManagerIn,AT34,Vorarlberg,2025,24.0,False
295,589,DatenbankadministratorIn,AT,Österreich,2020,1661.0,False
295,589,DatenbankadministratorIn,AT,Österreich,2021,1844.0,False
295,589,DatenbankadministratorIn,AT,Österreich,2022,2382.0,False
295,589,DatenbankadministratorIn,AT,Österreich,2023,1596.0,False
295,589,DatenbankadministratorIn,AT,Österreich,2024,1152.0,False
295,589,DatenbankadministratorIn,AT,Österreich,2025,1011.0,False
295,589,DatenbankadministratorIn,AT11,Burgenland,2020,,True
295,589,DatenbankadministratorIn,AT11,Burgenland,2021,,True
295,589,DatenbankadministratorIn,AT11,Burgenland,2022,,True
295,589,DatenbankadministratorIn,AT11,Burgenland,2023,,True
295,589,DatenbankadministratorIn,AT11,Burgenland,2024,,True
295,589,DatenbankadministratorIn,AT11,Burgenland,2025,,True
295,589,DatenbankadministratorIn,AT12,Niederösterreich,2020,100.0,False
295,589,DatenbankadministratorIn,AT12,Niederösterreich,2021,118.0,False
295,589,DatenbankadministratorIn,AT12,Niederösterreich,2022,167.0,False
295,589,DatenbankadministratorIn,AT12,Niederösterreich,2023,103.0,False
295,589,DatenbankadministratorIn,AT12,Niederösterreich,2024,70.0,False
295,589,DatenbankadministratorIn,AT12,Niederösterreich,2025,59.0,False
295,589,DatenbankadministratorIn,AT13,Wien,2020,463.0,False
295,589,DatenbankadministratorIn,AT13,Wien,2021,664.0,False
295,589,DatenbankadministratorIn,AT13,Wien,2022,890.0,False
295,589,DatenbankadministratorIn,AT13,Wien,2023,672.0,False
295,589,DatenbankadministratorIn,AT13,Wien,2024,483.0,False
295,589,DatenbankadministratorIn,AT13,Wien,2025,435.0,False
295,589,DatenbankadministratorIn,AT21,Kärnten,2020,24.0,False
295,589,DatenbankadministratorIn,AT21,Kärnten,2021,39.0,False
295,589,DatenbankadministratorIn,AT21,Kärnten,2022,69.0,False
295,589,DatenbankadministratorIn,AT21,Kärnten,2023,59.0,False
295,589,DatenbankadministratorIn,AT21,Kärnten,2024,41.0,False
295,589,DatenbankadministratorIn,AT21,Kärnten,2025,34.0,False
295,589,DatenbankadministratorIn,AT22,Steiermark,2020,122.0,False
295,589,DatenbankadministratorIn,AT22,Steiermark,2021,162.0,False
295,589,DatenbankadministratorIn,AT22,Steiermark,2022,199.0,False
295,589,DatenbankadministratorIn,AT22,Steiermark,2023,121.0,False
295,589,DatenbankadministratorIn,AT22,Steiermark,2024,126.0,False
295,589,DatenbankadministratorIn,AT22,Steiermark,2025,75.0,False
295,589,DatenbankadministratorIn,AT31,Oberösterreich,2020,140.0,False
295,589,DatenbankadministratorIn,AT31,Oberösterreich,2021,200.0,False
295,589,DatenbankadministratorIn,AT31,Oberösterreich,2022,356.0,False
295,589,DatenbankadministratorIn,AT31,Oberösterreich,2023,214.0,False
295,589,DatenbankadministratorIn,AT31,Oberösterreich,2024,160.0,False
295,589,DatenbankadministratorIn,AT31,Oberösterreich,2025,124.0,False
295,589,DatenbankadministratorIn,AT32,Salzburg,2020,87.0,False
295,589,DatenbankadministratorIn,AT32,Salzburg,2021,123.0,False
295,589,DatenbankadministratorIn,AT32,Salzburg,2022,209.0,False
295,589,DatenbankadministratorIn,AT32,Salzburg,2023,115.0,False
295,589,DatenbankadministratorIn,AT32,Salzburg,2024,54.0,False
295,589,DatenbankadministratorIn,AT32,Salzburg,2025,51.0,False
295,589,DatenbankadministratorIn,AT33,Tirol,2020,66.0,False
295,589,DatenbankadministratorIn,AT33,Tirol,2021,66.0,False
295,589,DatenbankadministratorIn,AT33,Tirol,2022,114.0,False
295,589,DatenbankadministratorIn,AT33,Tirol,2023,64.0,False
295,589,DatenbankadministratorIn,AT33,Tirol,2024,63.0,False
295,589,DatenbankadministratorIn,AT33,Tirol,2025,105.0,False
295,589,DatenbankadministratorIn,AT34,Vorarlberg,2020,20.0,False
295,589,DatenbankadministratorIn,AT34,Vorarlberg,2021,30.0,False
295,589,DatenbankadministratorIn,AT34,Vorarlberg,2022,115.0,False
295,589,DatenbankadministratorIn,AT34,Vorarlberg,2023,72.0,False
295,589,DatenbankadministratorIn,AT34,Vorarlberg,2024,50.0,False
295,589,DatenbankadministratorIn,AT34,Vorarlberg,2025,33.0,False
295,590,DatenbankentwicklerIn,AT,Österreich,2020,1993.0,False
295,590,DatenbankentwicklerIn,AT,Österreich,2021,2158.0,False
295,590,DatenbankentwicklerIn,AT,Österreich,2022,2908.0,False
295,590,DatenbankentwicklerIn,AT,Österreich,2023,1965.0,False
295,590,DatenbankentwicklerIn,AT,Österreich,2024,1312.0,False
295,590,DatenbankentwicklerIn,AT,Österreich,2025,1198.0,False
295,590,DatenbankentwicklerIn,AT11,Burgenland,2020,,True
295,590,DatenbankentwicklerIn,AT11,Burgenland,2021,,True
295,590,DatenbankentwicklerIn,AT11,Burgenland,2022,,True
295,590,DatenbankentwicklerIn,AT11,Burgenland,2023,,True
295,590,DatenbankentwicklerIn,AT11,Burgenland,2024,,True
295,590,DatenbankentwicklerIn,AT11,Burgenland,2025,,True
295,590,DatenbankentwicklerIn,AT12,Niederösterreich,2020,96.0,False
295,590,DatenbankentwicklerIn,AT12,Niederösterreich,2021,156.0,False
295,590,DatenbankentwicklerIn,AT12,Niederösterreich,2022,181.0,False
295,590,DatenbankentwicklerIn,AT12,Niederösterreich,2023,86.0,False
295,590,DatenbankentwicklerIn,AT12,Niederösterreich,2024,68.0,False
295,590,DatenbankentwicklerIn,AT12,Niederösterreich,2025,102.0,False
295,590,DatenbankentwicklerIn,AT13,Wien,2020,584.0,False
295,590,DatenbankentwicklerIn,AT13,Wien,2021,848.0,False
295,590,DatenbankentwicklerIn,AT13,Wien,2022,1201.0,False
295,590,DatenbankentwicklerIn,AT13,Wien,2023,960.0,False
295,590,DatenbankentwicklerIn,AT13,Wien,2024,564.0,False
295,590,DatenbankentwicklerIn,AT13,Wien,2025,521.0,False
295,590,DatenbankentwicklerIn,AT21,Kärnten,2020,,True
295,590,DatenbankentwicklerIn,AT21,Kärnten,2021,42.0,False
295,590,DatenbankentwicklerIn,AT21,Kärnten,2022,64.0,False
295,590,DatenbankentwicklerIn,AT21,Kärnten,2023,62.0,False
295,590,DatenbankentwicklerIn,AT21,Kärnten,2024,44.0,False
295,590,DatenbankentwicklerIn,AT21,Kärnten,2025,25.0,False
295,590,DatenbankentwicklerIn,AT22,Steiermark,2020,169.0,False
295,590,DatenbankentwicklerIn,AT22,Steiermark,2021,167.0,False
295,590,DatenbankentwicklerIn,AT22,Steiermark,2022,238.0,False
295,590,DatenbankentwicklerIn,AT22,Steiermark,2023,189.0,False
295,590,DatenbankentwicklerIn,AT22,Steiermark,2024,168.0,False
295,590,DatenbankentwicklerIn,AT22,Steiermark,2025,137.0,False
295,590,DatenbankentwicklerIn,AT31,Oberösterreich,2020,155.0,False
295,590,DatenbankentwicklerIn,AT31,Oberösterreich,2021,231.0,False
295,590,DatenbankentwicklerIn,AT31,Oberösterreich,2022,421.0,False
295,590,DatenbankentwicklerIn,AT31,Oberösterreich,2023,273.0,False
295,590,DatenbankentwicklerIn,AT31,Oberösterreich,2024,197.0,False
295,590,DatenbankentwicklerIn,AT31,Oberösterreich,2025,205.0,False
295,590,DatenbankentwicklerIn,AT32,Salzburg,2020,107.0,False
295,590,DatenbankentwicklerIn,AT32,Salzburg,2021,96.0,False
295,590,DatenbankentwicklerIn,AT32,Salzburg,2022,299.0,False
295,590,DatenbankentwicklerIn,AT32,Salzburg,2023,96.0,False
295,590,DatenbankentwicklerIn,AT32,Salzburg,2024,107.0,False
295,590,DatenbankentwicklerIn,AT32,Salzburg,2025,58.0,False
295,590,DatenbankentwicklerIn,AT33,Tirol,2020,45.0,False
295,590,DatenbankentwicklerIn,AT33,Tirol,2021,52.0,False
295,590,DatenbankentwicklerIn,AT33,Tirol,2022,55.0,False
295,590,DatenbankentwicklerIn,AT33,Tirol,2023,45.0,False
295,590,DatenbankentwicklerIn,AT33,Tirol,2024,34.0,False
295,590,DatenbankentwicklerIn,AT33,Tirol,2025,,True
295,590,DatenbankentwicklerIn,AT34,Vorarlberg,2020,41.0,False
295,590,DatenbankentwicklerIn,AT34,Vorarlberg,2021,52.0,False
295,590,DatenbankentwicklerIn,AT34,Vorarlberg,2022,114.0,False
295,590,DatenbankentwicklerIn,AT34,Vorarlberg,2023,91.0,False
295,590,DatenbankentwicklerIn,AT34,Vorarlberg,2024,36.0,False
295,590,DatenbankentwicklerIn,AT34,Vorarlberg,2025,40.0,False
301,593,Datensicherheitsexperte/-expertin,AT,Österreich,2020,4433.0,False
301,593,Datensicherheitsexperte/-expertin,AT,Österreich,2021,5778.0,False
301,593,Datensicherheitsexperte/-expertin,AT,Österreich,2022,8051.0,False
301,593,Datensicherheitsexperte/-expertin,AT,Österreich,2023,6734.0,False
301,593,Datensicherheitsexperte/-expertin,AT,Österreich,2024,5522.0,False
301,593,Datensicherheitsexperte/-expertin,AT,Österreich,2025,4066.0,False
301,593,Datensicherheitsexperte/-expertin,AT11,Burgenland,2020,,True
301,593,Datensicherheitsexperte/-expertin,AT11,Burgenland,2021,22.0,False
301,593,Datensicherheitsexperte/-expertin,AT11,Burgenland,2022,42.0,False
301,593,Datensicherheitsexperte/-expertin,AT11,Burgenland,2023,48.0,False
301,593,Datensicherheitsexperte/-expertin,AT11,Burgenland,2024,23.0,False
301,593,Datensicherheitsexperte/-expertin,AT11,Burgenland,2025,32.0,False
301,593,Datensicherheitsexperte/-expertin,AT12,Niederösterreich,2020,199.0,False
301,593,Datensicherheitsexperte/-expertin,AT12,Niederösterreich,2021,358.0,False
301,593,Datensicherheitsexperte/-expertin,AT12,Niederösterreich,2022,579.0,False
301,593,Datensicherheitsexperte/-expertin,AT12,Niederösterreich,2023,504.0,False
301,593,Datensicherheitsexperte/-expertin,AT12,Niederösterreich,2024,392.0,False
301,593,Datensicherheitsexperte/-expertin,AT12,Niederösterreich,2025,295.0,False
301,593,Datensicherheitsexperte/-expertin,AT13,Wien,2020,1307.0,False
301,593,Datensicherheitsexperte/-expertin,AT13,Wien,2021,1913.0,False
301,593,Datensicherheitsexperte/-expertin,AT13,Wien,2022,2814.0,False
301,593,Datensicherheitsexperte/-expertin,AT13,Wien,2023,2723.0,False
301,593,Datensicherheitsexperte/-expertin,AT13,Wien,2024,2295.0,False
301,593,Datensicherheitsexperte/-expertin,AT13,Wien,2025,1663.0,False
301,593,Datensicherheitsexperte/-expertin,AT21,Kärnten,2020,81.0,False
301,593,Datensicherheitsexperte/-expertin,AT21,Kärnten,2021,144.0,False
301,593,Datensicherheitsexperte/-expertin,AT21,Kärnten,2022,215.0,False
301,593,Datensicherheitsexperte/-expertin,AT21,Kärnten,2023,203.0,False
301,593,Datensicherheitsexperte/-expertin,AT21,Kärnten,2024,132.0,False
301,593,Datensicherheitsexperte/-expertin,AT21,Kärnten,2025,139.0,False
301,593,Datensicherheitsexperte/-expertin,AT22,Steiermark,2020,345.0,False
301,593,Datensicherheitsexperte/-expertin,AT22,Steiermark,2021,485.0,False
301,593,Datensicherheitsexperte/-expertin,AT22,Steiermark,2022,956.0,False
301,593,Datensicherheitsexperte/-expertin,AT22,Steiermark,2023,847.0,False
301,593,Datensicherheitsexperte/-expertin,AT22,Steiermark,2024,557.0,False
301,593,Datensicherheitsexperte/-expertin,AT22,Steiermark,2025,453.0,False
301,593,Datensicherheitsexperte/-expertin,AT31,Oberösterreich,2020,476.0,False
301,593,Datensicherheitsexperte/-expertin,AT31,Oberösterreich,2021,877.0,False
301,593,Datensicherheitsexperte/-expertin,AT31,Oberösterreich,2022,1394.0,False
301,593,Datensicherheitsexperte/-expertin,AT31,Oberösterreich,2023,1013.0,False
301,593,Datensicherheitsexperte/-expertin,AT31,Oberösterreich,2024,890.0,False
301,593,Datensicherheitsexperte/-expertin,AT31,Oberösterreich,2025,682.0,False
301,593,Datensicherheitsexperte/-expertin,AT32,Salzburg,2020,202.0,False
301,593,Datensicherheitsexperte/-expertin,AT32,Salzburg,2021,395.0,False
301,593,Datensicherheitsexperte/-expertin,AT32,Salzburg,2022,604.0,False
301,593,Datensicherheitsexperte/-expertin,AT32,Salzburg,2023,449.0,False
301,593,Datensicherheitsexperte/-expertin,AT32,Salzburg,2024,348.0,False
301,593,Datensicherheitsexperte/-expertin,AT32,Salzburg,2025,220.0,False
301,593,Datensicherheitsexperte/-expertin,AT33,Tirol,2020,162.0,False
301,593,Datensicherheitsexperte/-expertin,AT33,Tirol,2021,218.0,False
301,593,Datensicherheitsexperte/-expertin,AT33,Tirol,2022,317.0,False
301,593,Datensicherheitsexperte/-expertin,AT33,Tirol,2023,197.0,False
301,593,Datensicherheitsexperte/-expertin,AT33,Tirol,2024,243.0,False
301,593,Datensicherheitsexperte/-expertin,AT33,Tirol,2025,211.0,False
301,593,Datensicherheitsexperte/-expertin,AT34,Vorarlberg,2020,87.0,False
301,593,Datensicherheitsexperte/-expertin,AT34,Vorarlberg,2021,160.0,False
301,593,Datensicherheitsexperte/-expertin,AT34,Vorarlberg,2022,313.0,False
301,593,Datensicherheitsexperte/-expertin,AT34,Vorarlberg,2023,285.0,False
301,593,Datensicherheitsexperte/-expertin,AT34,Vorarlberg,2024,204.0,False
301,593,Datensicherheitsexperte/-expertin,AT34,Vorarlberg,2025,102.0,False
301,635,IT-ProjektmanagerIn,AT,Österreich,2020,6515.0,False
301,635,IT-ProjektmanagerIn,AT,Österreich,2021,7993.0,False
301,635,IT-ProjektmanagerIn,AT,Österreich,2022,10098.0,False
301,635,IT-ProjektmanagerIn,AT,Österreich,2023,8186.0,False
301,635,IT-ProjektmanagerIn,AT,Österreich,2024,7242.0,False
301,635,IT-ProjektmanagerIn,AT,Österreich,2025,5823.0,False
301,635,IT-ProjektmanagerIn,AT11,Burgenland,2020,,True
301,635,IT-ProjektmanagerIn,AT11,Burgenland,2021,25.0,False
301,635,IT-ProjektmanagerIn,AT11,Burgenland,2022,87.0,False
301,635,IT-ProjektmanagerIn,AT11,Burgenland,2023,31.0,False
301,635,IT-ProjektmanagerIn,AT11,Burgenland,2024,38.0,False
301,635,IT-ProjektmanagerIn,AT11,Burgenland,2025,39.0,False
301,635,IT-ProjektmanagerIn,AT12,Niederösterreich,2020,376.0,False
301,635,IT-ProjektmanagerIn,AT12,Niederösterreich,2021,551.0,False
301,635,IT-ProjektmanagerIn,AT12,Niederösterreich,2022,705.0,False
301,635,IT-ProjektmanagerIn,AT12,Niederösterreich,2023,552.0,False
301,635,IT-ProjektmanagerIn,AT12,Niederösterreich,2024,515.0,False
301,635,IT-ProjektmanagerIn,AT12,Niederösterreich,2025,471.0,False
301,635,IT-ProjektmanagerIn,AT13,Wien,2020,1502.0,False
301,635,IT-ProjektmanagerIn,AT13,Wien,2021,2252.0,False
301,635,IT-ProjektmanagerIn,AT13,Wien,2022,3288.0,False
301,635,IT-ProjektmanagerIn,AT13,Wien,2023,2911.0,False
301,635,IT-ProjektmanagerIn,AT13,Wien,2024,2666.0,False
301,635,IT-ProjektmanagerIn,AT13,Wien,2025,2077.0,False
301,635,IT-ProjektmanagerIn,AT21,Kärnten,2020,109.0,False
301,635,IT-ProjektmanagerIn,AT21,Kärnten,2021,156.0,False
301,635,IT-ProjektmanagerIn,AT21,Kärnten,2022,310.0,False
301,635,IT-ProjektmanagerIn,AT21,Kärnten,2023,259.0,False
301,635,IT-ProjektmanagerIn,AT21,Kärnten,2024,236.0,False
301,635,IT-ProjektmanagerIn,AT21,Kärnten,2025,178.0,False
301,635,IT-ProjektmanagerIn,AT22,Steiermark,2020,504.0,False
301,635,IT-ProjektmanagerIn,AT22,Steiermark,2021,872.0,False
301,635,IT-ProjektmanagerIn,AT22,Steiermark,2022,1168.0,False
301,635,IT-ProjektmanagerIn,AT22,Steiermark,2023,921.0,False
301,635,IT-ProjektmanagerIn,AT22,Steiermark,2024,855.0,False
301,635,IT-ProjektmanagerIn,AT22,Steiermark,2025,618.0,False
301,635,IT-ProjektmanagerIn,AT31,Oberösterreich,2020,821.0,False
301,635,IT-ProjektmanagerIn,AT31,Oberösterreich,2021,1175.0,False
301,635,IT-ProjektmanagerIn,AT31,Oberösterreich,2022,1774.0,False
301,635,IT-ProjektmanagerIn,AT31,Oberösterreich,2023,1438.0,False
301,635,IT-ProjektmanagerIn,AT31,Oberösterreich,2024,1208.0,False
301,635,IT-ProjektmanagerIn,AT31,Oberösterreich,2025,1017.0,False
301,635,IT-ProjektmanagerIn,AT32,Salzburg,2020,380.0,False
301,635,IT-ProjektmanagerIn,AT32,Salzburg,2021,558.0,False
301,635,IT-ProjektmanagerIn,AT32,Salzburg,2022,822.0,False
301,635,IT-ProjektmanagerIn,AT32,Salzburg,2023,592.0,False
301,635,IT-ProjektmanagerIn,AT32,Salzburg,2024,467.0,False
301,635,IT-ProjektmanagerIn,AT32,Salzburg,2025,453.0,False
301,635,IT-ProjektmanagerIn,AT33,Tirol,2020,174.0,False
301,635,IT-ProjektmanagerIn,AT33,Tirol,2021,299.0,False
301,635,IT-ProjektmanagerIn,AT33,Tirol,2022,399.0,False
301,635,IT-ProjektmanagerIn,AT33,Tirol,2023,355.0,False
301,635,IT-ProjektmanagerIn,AT33,Tirol,2024,362.0,False
301,635,IT-ProjektmanagerIn,AT33,Tirol,2025,337.0,False
301,635,IT-ProjektmanagerIn,AT34,Vorarlberg,2020,199.0,False
301,635,IT-ProjektmanagerIn,AT34,Vorarlberg,2021,272.0,False
301,635,IT-ProjektmanagerIn,AT34,Vorarlberg,2022,494.0,False
301,635,IT-ProjektmanagerIn,AT34,Vorarlberg,2023,447.0,False
301,635,IT-ProjektmanagerIn,AT34,Vorarlberg,2024,309.0,False
301,635,IT-ProjektmanagerIn,AT34,Vorarlberg,2025,257.0,False
301,619,IT-QualitätsmanagerIn,AT,Österreich,2020,4022.0,False
301,619,IT-QualitätsmanagerIn,AT,Österreich,2021,5131.0,False
301,619,IT-QualitätsmanagerIn,AT,Österreich,2022,5600.0,False
301,619,IT-QualitätsmanagerIn,AT,Österreich,2023,4698.0,False
301,619,IT-QualitätsmanagerIn,AT,Österreich,2024,3634.0,False
301,619,IT-QualitätsmanagerIn,AT,Österreich,2025,2438.0,False
301,619,IT-QualitätsmanagerIn,AT11,Burgenland,2020,,True
301,619,IT-QualitätsmanagerIn,AT11,Burgenland,2021,38.0,False
301,619,IT-QualitätsmanagerIn,AT11,Burgenland,2022,42.0,False
301,619,IT-QualitätsmanagerIn,AT11,Burgenland,2023,44.0,False
301,619,IT-QualitätsmanagerIn,AT11,Burgenland,2024,20.0,False
301,619,IT-QualitätsmanagerIn,AT11,Burgenland,2025,21.0,False
301,619,IT-QualitätsmanagerIn,AT12,Niederösterreich,2020,279.0,False
301,619,IT-QualitätsmanagerIn,AT12,Niederösterreich,2021,506.0,False
301,619,IT-QualitätsmanagerIn,AT12,Niederösterreich,2022,473.0,False
301,619,IT-QualitätsmanagerIn,AT12,Niederösterreich,2023,365.0,False
301,619,IT-QualitätsmanagerIn,AT12,Niederösterreich,2024,232.0,False
301,619,IT-QualitätsmanagerIn,AT12,Niederösterreich,2025,158.0,False
301,619,IT-QualitätsmanagerIn,AT13,Wien,2020,1014.0,False
301,619,IT-QualitätsmanagerIn,AT13,Wien,2021,1491.0,False
301,619,IT-QualitätsmanagerIn,AT13,Wien,2022,1964.0,False
301,619,IT-QualitätsmanagerIn,AT13,Wien,2023,1721.0,False
301,619,IT-QualitätsmanagerIn,AT13,Wien,2024,1485.0,False
301,619,IT-QualitätsmanagerIn,AT13,Wien,2025,906.0,False
301,619,IT-QualitätsmanagerIn,AT21,Kärnten,2020,79.0,False
301,619,IT-QualitätsmanagerIn,AT21,Kärnten,2021,134.0,False
301,619,IT-QualitätsmanagerIn,AT21,Kärnten,2022,155.0,False
301,619,IT-QualitätsmanagerIn,AT21,Kärnten,2023,134.0,False
301,619,IT-QualitätsmanagerIn,AT21,Kärnten,2024,131.0,False
301,619,IT-QualitätsmanagerIn,AT21,Kärnten,2025,84.0,False
301,619,IT-QualitätsmanagerIn,AT22,Steiermark,2020,437.0,False
301,619,IT-QualitätsmanagerIn,AT22,Steiermark,2021,843.0,False
301,619,IT-QualitätsmanagerIn,AT22,Steiermark,2022,880.0,False
301,619,IT-QualitätsmanagerIn,AT22,Steiermark,2023,825.0,False
301,619,IT-QualitätsmanagerIn,AT22,Steiermark,2024,536.0,False
301,619,IT-QualitätsmanagerIn,AT22,Steiermark,2025,349.0,False
301,619,IT-QualitätsmanagerIn,AT31,Oberösterreich,2020,371.0,False
301,619,IT-QualitätsmanagerIn,AT31,Oberösterreich,2021,655.0,False
301,619,IT-QualitätsmanagerIn,AT31,Oberösterreich,2022,733.0,False
301,619,IT-QualitätsmanagerIn,AT31,Oberösterreich,2023,739.0,False
301,619,IT-QualitätsmanagerIn,AT31,Oberösterreich,2024,528.0,False
301,619,IT-QualitätsmanagerIn,AT31,Oberösterreich,2025,407.0,False
301,619,IT-QualitätsmanagerIn,AT32,Salzburg,2020,156.0,False
301,619,IT-QualitätsmanagerIn,AT32,Salzburg,2021,195.0,False
301,619,IT-QualitätsmanagerIn,AT32,Salzburg,2022,455.0,False
301,619,IT-QualitätsmanagerIn,AT32,Salzburg,2023,246.0,False
301,619,IT-QualitätsmanagerIn,AT32,Salzburg,2024,141.0,False
301,619,IT-QualitätsmanagerIn,AT32,Salzburg,2025,149.0,False
301,619,IT-QualitätsmanagerIn,AT33,Tirol,2020,82.0,False
301,619,IT-QualitätsmanagerIn,AT33,Tirol,2021,135.0,False
301,619,IT-QualitätsmanagerIn,AT33,Tirol,2022,189.0,False
301,619,IT-QualitätsmanagerIn,AT33,Tirol,2023,126.0,False
301,619,IT-QualitätsmanagerIn,AT33,Tirol,2024,152.0,False
301,619,IT-QualitätsmanagerIn,AT33,Tirol,2025,122.0,False
301,619,IT-QualitätsmanagerIn,AT34,Vorarlberg,2020,146.0,False
301,619,IT-QualitätsmanagerIn,AT34,Vorarlberg,2021,173.0,False
301,619,IT-QualitätsmanagerIn,AT34,Vorarlberg,2022,143.0,False
301,619,IT-QualitätsmanagerIn,AT34,Vorarlberg,2023,139.0,False
301,619,IT-QualitätsmanagerIn,AT34,Vorarlberg,2024,129.0,False
301,619,IT-QualitätsmanagerIn,AT34,Vorarlberg,2025,69.0,False
301,1289,Requirements Engineer (m/w),AT,Österreich,2020,448.0,False
301,1289,Requirements Engineer (m/w),AT,Österreich,2021,663.0,False
301,1289,Requirements Engineer (m/w),AT,Österreich,2022,969.0,False
301,1289,Requirements Engineer (m/w),AT,Österreich,2023,759.0,False
301,1289,Requirements Engineer (m/w),AT,Österreich,2024,552.0,False
301,1289,Requirements Engineer (m/w),AT,Österreich,2025,564.0,False
301,1289,Requirements Engineer (m/w),AT11,Burgenland,2020,,True
301,1289,Requirements Engineer (m/w),AT11,Burgenland,2021,,True
301,1289,Requirements Engineer (m/w),AT11,Burgenland,2022,,True
301,1289,Requirements Engineer (m/w),AT11,Burgenland,2023,,True
301,1289,Requirements Engineer (m/w),AT11,Burgenland,2024,,True
301,1289,Requirements Engineer (m/w),AT11,Burgenland,2025,,True
301,1289,Requirements Engineer (m/w),AT12,Niederösterreich,2020,36.0,False
301,1289,Requirements Engineer (m/w),AT12,Niederösterreich,2021,75.0,False
301,1289,Requirements Engineer (m/w),AT12,Niederösterreich,2022,115.0,False
301,1289,Requirements Engineer (m/w),AT12,Niederösterreich,2023,43.0,False
301,1289,Requirements Engineer (m/w),AT12,Niederösterreich,2024,32.0,False
301,1289,Requirements Engineer (m/w),AT12,Niederösterreich,2025,66.0,False
301,1289,Requirements Engineer (m/w),AT13,Wien,2020,151.0,False
301,1289,Requirements Engineer (m/w),AT13,Wien,2021,263.0,False
301,1289,Requirements Engineer (m/w),AT13,Wien,2022,419.0,False
301,1289,Requirements Engineer (m/w),AT13,Wien,2023,356.0,False
301,1289,Requirements Engineer (m/w),AT13,Wien,2024,271.0,False
301,1289,Requirements Engineer (m/w),AT13,Wien,2025,233.0,False
301,1289,Requirements Engineer (m/w),AT21,Kärnten,2020,,True
301,1289,Requirements Engineer (m/w),AT21,Kärnten,2021,,True
301,1289,Requirements Engineer (m/w),AT21,Kärnten,2022,,True
301,1289,Requirements Engineer (m/w),AT21,Kärnten,2023,,True
301,1289,Requirements Engineer (m/w),AT21,Kärnten,2024,25.0,False
301,1289,Requirements Engineer (m/w),AT21,Kärnten,2025,27.0,False
301,1289,Requirements Engineer (m/w),AT22,Steiermark,2020,21.0,False
301,1289,Requirements Engineer (m/w),AT22,Steiermark,2021,40.0,False
301,1289,Requirements Engineer (m/w),AT22,Steiermark,2022,105.0,False
301,1289,Requirements Engineer (m/w),AT22,Steiermark,2023,115.0,False
301,1289,Requirements Engineer (m/w),AT22,Steiermark,2024,72.0,False
301,1289,Requirements Engineer (m/w),AT22,Steiermark,2025,72.0,False
301,1289,Requirements Engineer (m/w),AT31,Oberösterreich,2020,79.0,False
301,1289,Requirements Engineer (m/w),AT31,Oberösterreich,2021,112.0,False
301,1289,Requirements Engineer (m/w),AT31,Oberösterreich,2022,169.0,False
301,1289,Requirements Engineer (m/w),AT31,Oberösterreich,2023,101.0,False
301,1289,Requirements Engineer (m/w),AT31,Oberösterreich,2024,87.0,False
301,1289,Requirements Engineer (m/w),AT31,Oberösterreich,2025,59.0,False
301,1289,Requirements Engineer (m/w),AT32,Salzburg,2020,,True
301,1289,Requirements Engineer (m/w),AT32,Salzburg,2021,,True
301,1289,Requirements Engineer (m/w),AT32,Salzburg,2022,32.0,False
301,1289,Requirements Engineer (m/w),AT32,Salzburg,2023,43.0,False
301,1289,Requirements Engineer (m/w),AT32,Salzburg,2024,,True
301,1289,Requirements Engineer (m/w),AT32,Salzburg,2025,31.0,False
301,1289,Requirements Engineer (m/w),AT33,Tirol,2020,,True
301,1289,Requirements Engineer (m/w),AT33,Tirol,2021,,True
301,1289,Requirements Engineer (m/w),AT33,Tirol,2022,24.0,False
301,1289,Requirements Engineer (m/w),AT33,Tirol,2023,,True
301,1289,Requirements Engineer (m/w),AT33,Tirol,2024,,True
301,1289,Requirements Engineer (m/w),AT33,Tirol,2025,42.0,False
301,1289,Requirements Engineer (m/w),AT34,Vorarlberg,2020,,True
301,1289,Requirements Engineer (m/w),AT34,Vorarlberg,2021,,True
301,1289,Requirements Engineer (m/w),AT34,Vorarlberg,2022,28.0,False
301,1289,Requirements Engineer (m/w),AT34,Vorarlberg,2023,22.0,False
301,1289,Requirements Engineer (m/w),AT34,Vorarlberg,2024,,True
301,1289,Requirements Engineer (m/w),AT34,Vorarlberg,2025,,True
301,388,SystemanalytikerIn,AT,Österreich,2020,398.0,False
301,388,SystemanalytikerIn,AT,Österreich,2021,498.0,False
301,388,SystemanalytikerIn,AT,Österreich,2022,723.0,False
301,388,SystemanalytikerIn,AT,Österreich,2023,877.0,False
301,388,SystemanalytikerIn,AT,Österreich,2024,850.0,False
301,388,SystemanalytikerIn,AT,Österreich,2025,731.0,False
301,388,SystemanalytikerIn,AT11,Burgenland,2020,,True
301,388,SystemanalytikerIn,AT11,Burgenland,2021,,True
301,388,SystemanalytikerIn,AT11,Burgenland,2022,,True
301,388,SystemanalytikerIn,AT11,Burgenland,2023,,True
301,388,SystemanalytikerIn,AT11,Burgenland,2024,,True
301,388,SystemanalytikerIn,AT11,Burgenland,2025,,True
301,388,SystemanalytikerIn,AT12,Niederösterreich,2020,,True
301,388,SystemanalytikerIn,AT12,Niederösterreich,2021,42.0,False
301,388,SystemanalytikerIn,AT12,Niederösterreich,2022,48.0,False
301,388,SystemanalytikerIn,AT12,Niederösterreich,2023,40.0,False
301,388,SystemanalytikerIn,AT12,Niederösterreich,2024,49.0,False
301,388,SystemanalytikerIn,AT12,Niederösterreich,2025,46.0,False
301,388,SystemanalytikerIn,AT13,Wien,2020,81.0,False
301,388,SystemanalytikerIn,AT13,Wien,2021,125.0,False
301,388,SystemanalytikerIn,AT13,Wien,2022,229.0,False
301,388,SystemanalytikerIn,AT13,Wien,2023,353.0,False
301,388,SystemanalytikerIn,AT13,Wien,2024,362.0,False
301,388,SystemanalytikerIn,AT13,Wien,2025,308.0,False
301,388,SystemanalytikerIn,AT21,Kärnten,2020,,True
301,388,SystemanalytikerIn,AT21,Kärnten,2021,,True
301,388,SystemanalytikerIn,AT21,Kärnten,2022,28.0,False
301,388,SystemanalytikerIn,AT21,Kärnten,2023,33.0,False
301,388,SystemanalytikerIn,AT21,Kärnten,2024,26.0,False
301,388,SystemanalytikerIn,AT21,Kärnten,2025,34.0,False
301,388,SystemanalytikerIn,AT22,Steiermark,2020,39.0,False
301,388,SystemanalytikerIn,AT22,Steiermark,2021,43.0,False
301,388,SystemanalytikerIn,AT22,Steiermark,2022,46.0,False
301,388,SystemanalytikerIn,AT22,Steiermark,2023,84.0,False
301,388,SystemanalytikerIn,AT22,Steiermark,2024,88.0,False
301,388,SystemanalytikerIn,AT22,Steiermark,2025,65.0,False
301,388,SystemanalytikerIn,AT31,Oberösterreich,2020,27.0,False
301,388,SystemanalytikerIn,AT31,Oberösterreich,2021,73.0,False
301,388,SystemanalytikerIn,AT31,Oberösterreich,2022,140.0,False
301,388,SystemanalytikerIn,AT31,Oberösterreich,2023,191.0,False
301,388,SystemanalytikerIn,AT31,Oberösterreich,2024,118.0,False
301,388,SystemanalytikerIn,AT31,Oberösterreich,2025,98.0,False
301,388,SystemanalytikerIn,AT32,Salzburg,2020,21.0,False
301,388,SystemanalytikerIn,AT32,Salzburg,2021,31.0,False
301,388,SystemanalytikerIn,AT32,Salzburg,2022,74.0,False
301,388,SystemanalytikerIn,AT32,Salzburg,2023,45.0,False
301,388,SystemanalytikerIn,AT32,Salzburg,2024,41.0,False
301,388,SystemanalytikerIn,AT32,Salzburg,2025,39.0,False
301,388,SystemanalytikerIn,AT33,Tirol,2020,24.0,False
301,388,SystemanalytikerIn,AT33,Tirol,2021,22.0,False
301,388,SystemanalytikerIn,AT33,Tirol,2022,22.0,False
301,388,SystemanalytikerIn,AT33,Tirol,2023,21.0,False
301,388,SystemanalytikerIn,AT33,Tirol,2024,56.0,False
301,388,SystemanalytikerIn,AT33,Tirol,2025,35.0,False
301,388,SystemanalytikerIn,AT34,Vorarlberg,2020,22.0,False
301,388,SystemanalytikerIn,AT34,Vorarlberg,2021,,True
301,388,SystemanalytikerIn,AT34,Vorarlberg,2022,34.0,False
301,388,SystemanalytikerIn,AT34,Vorarlberg,2023,33.0,False
301,388,SystemanalytikerIn,AT34,Vorarlberg,2024,33.0,False
301,388,SystemanalytikerIn,AT34,Vorarlberg,2025,41.0,False
301,760,WirtschaftsinformatikerIn,AT,Österreich,2020,2025.0,False
301,760,WirtschaftsinformatikerIn,AT,Österreich,2021,2486.0,False
301,760,WirtschaftsinformatikerIn,AT,Österreich,2022,3251.0,False
301,760,WirtschaftsinformatikerIn,AT,Österreich,2023,2448.0,False
301,760,WirtschaftsinformatikerIn,AT,Österreich,2024,1797.0,False
301,760,WirtschaftsinformatikerIn,AT,Österreich,2025,1307.0,False
301,760,WirtschaftsinformatikerIn,AT11,Burgenland,2020,,True
301,760,WirtschaftsinformatikerIn,AT11,Burgenland,2021,,True
301,760,WirtschaftsinformatikerIn,AT11,Burgenland,2022,,True
301,760,WirtschaftsinformatikerIn,AT11,Burgenland,2023,,True
301,760,WirtschaftsinformatikerIn,AT11,Burgenland,2024,,True
301,760,WirtschaftsinformatikerIn,AT11,Burgenland,2025,,True
301,760,WirtschaftsinformatikerIn,AT12,Niederösterreich,2020,89.0,False
301,760,WirtschaftsinformatikerIn,AT12,Niederösterreich,2021,135.0,False
301,760,WirtschaftsinformatikerIn,AT12,Niederösterreich,2022,249.0,False
301,760,WirtschaftsinformatikerIn,AT12,Niederösterreich,2023,125.0,False
301,760,WirtschaftsinformatikerIn,AT12,Niederösterreich,2024,140.0,False
301,760,WirtschaftsinformatikerIn,AT12,Niederösterreich,2025,87.0,False
301,760,WirtschaftsinformatikerIn,AT13,Wien,2020,661.0,False
301,760,WirtschaftsinformatikerIn,AT13,Wien,2021,936.0,False
301,760,WirtschaftsinformatikerIn,AT13,Wien,2022,1414.0,False
301,760,WirtschaftsinformatikerIn,AT13,Wien,2023,1167.0,False
301,760,WirtschaftsinformatikerIn,AT13,Wien,2024,854.0,False
301,760,WirtschaftsinformatikerIn,AT13,Wien,2025,577.0,False
301,760,WirtschaftsinformatikerIn,AT21,Kärnten,2020,32.0,False
301,760,WirtschaftsinformatikerIn,AT21,Kärnten,2021,64.0,False
301,760,WirtschaftsinformatikerIn,AT21,Kärnten,2022,105.0,False
301,760,WirtschaftsinformatikerIn,AT21,Kärnten,2023,69.0,False
301,760,WirtschaftsinformatikerIn,AT21,Kärnten,2024,71.0,False
301,760,WirtschaftsinformatikerIn,AT21,Kärnten,2025,35.0,False
301,760,WirtschaftsinformatikerIn,AT22,Steiermark,2020,81.0,False
301,760,WirtschaftsinformatikerIn,AT22,Steiermark,2021,129.0,False
301,760,WirtschaftsinformatikerIn,AT22,Steiermark,2022,200.0,False
301,760,WirtschaftsinformatikerIn,AT22,Steiermark,2023,183.0,False
301,760,WirtschaftsinformatikerIn,AT22,Steiermark,2024,119.0,False
301,760,WirtschaftsinformatikerIn,AT22,Steiermark,2025,91.0,False
301,760,WirtschaftsinformatikerIn,AT31,Oberösterreich,2020,153.0,False
301,760,WirtschaftsinformatikerIn,AT31,Oberösterreich,2021,256.0,False
301,760,WirtschaftsinformatikerIn,AT31,Oberösterreich,2022,431.0,False
301,760,WirtschaftsinformatikerIn,AT31,Oberösterreich,2023,358.0,False
301,760,WirtschaftsinformatikerIn,AT31,Oberösterreich,2024,182.0,False
301,760,WirtschaftsinformatikerIn,AT31,Oberösterreich,2025,150.0,False
301,760,WirtschaftsinformatikerIn,AT32,Salzburg,2020,90.0,False
301,760,WirtschaftsinformatikerIn,AT32,Salzburg,2021,142.0,False
301,760,WirtschaftsinformatikerIn,AT32,Salzburg,2022,232.0,False
301,760,WirtschaftsinformatikerIn,AT32,Salzburg,2023,160.0,False
301,760,WirtschaftsinformatikerIn,AT32,Salzburg,2024,95.0,False
301,760,WirtschaftsinformatikerIn,AT32,Salzburg,2025,101.0,False
301,760,WirtschaftsinformatikerIn,AT33,Tirol,2020,38.0,False
301,760,WirtschaftsinformatikerIn,AT33,Tirol,2021,84.0,False
301,760,WirtschaftsinformatikerIn,AT33,Tirol,2022,120.0,False
301,760,WirtschaftsinformatikerIn,AT33,Tirol,2023,71.0,False
301,760,WirtschaftsinformatikerIn,AT33,Tirol,2024,85.0,False
301,760,WirtschaftsinformatikerIn,AT33,Tirol,2025,62.0,False
301,760,WirtschaftsinformatikerIn,AT34,Vorarlberg,2020,54.0,False
301,760,WirtschaftsinformatikerIn,AT34,Vorarlberg,2021,81.0,False
301,760,WirtschaftsinformatikerIn,AT34,Vorarlberg,2022,149.0,False
301,760,WirtschaftsinformatikerIn,AT34,Vorarlberg,2023,103.0,False
301,760,WirtschaftsinformatikerIn,AT34,Vorarlberg,2024,61.0,False
301,760,WirtschaftsinformatikerIn,AT34,Vorarlberg,2025,75.0,False
303,1307,Game Producer (m/w),AT,Österreich,2020,716.0,False
303,1307,Game Producer (m/w),AT,Österreich,2021,857.0,False
303,1307,Game Producer (m/w),AT,Österreich,2022,1117.0,False
303,1307,Game Producer (m/w),AT,Österreich,2023,646.0,False
303,1307,Game Producer (m/w),AT,Österreich,2024,421.0,False
303,1307,Game Producer (m/w),AT,Österreich,2025,332.0,False
303,1307,Game Producer (m/w),AT11,Burgenland,2020,,True
303,1307,Game Producer (m/w),AT11,Burgenland,2021,,True
303,1307,Game Producer (m/w),AT11,Burgenland,2022,,True
303,1307,Game Producer (m/w),AT11,Burgenland,2023,,True
303,1307,Game Producer (m/w),AT11,Burgenland,2024,,True
303,1307,Game Producer (m/w),AT11,Burgenland,2025,,True
303,1307,Game Producer (m/w),AT12,Niederösterreich,2020,31.0,False
303,1307,Game Producer (m/w),AT12,Niederösterreich,2021,36.0,False
303,1307,Game Producer (m/w),AT12,Niederösterreich,2022,43.0,False
303,1307,Game Producer (m/w),AT12,Niederösterreich,2023,,True
303,1307,Game Producer (m/w),AT12,Niederösterreich,2024,25.0,False
303,1307,Game Producer (m/w),AT12,Niederösterreich,2025,,True
303,1307,Game Producer (m/w),AT13,Wien,2020,121.0,False
303,1307,Game Producer (m/w),AT13,Wien,2021,190.0,False
303,1307,Game Producer (m/w),AT13,Wien,2022,209.0,False
303,1307,Game Producer (m/w),AT13,Wien,2023,133.0,False
303,1307,Game Producer (m/w),AT13,Wien,2024,103.0,False
303,1307,Game Producer (m/w),AT13,Wien,2025,85.0,False
303,1307,Game Producer (m/w),AT21,Kärnten,2020,21.0,False
303,1307,Game Producer (m/w),AT21,Kärnten,2021,38.0,False
303,1307,Game Producer (m/w),AT21,Kärnten,2022,88.0,False
303,1307,Game Producer (m/w),AT21,Kärnten,2023,65.0,False
303,1307,Game Producer (m/w),AT21,Kärnten,2024,39.0,False
303,1307,Game Producer (m/w),AT21,Kärnten,2025,32.0,False
303,1307,Game Producer (m/w),AT22,Steiermark,2020,64.0,False
303,1307,Game Producer (m/w),AT22,Steiermark,2021,109.0,False
303,1307,Game Producer (m/w),AT22,Steiermark,2022,185.0,False
303,1307,Game Producer (m/w),AT22,Steiermark,2023,126.0,False
303,1307,Game Producer (m/w),AT22,Steiermark,2024,68.0,False
303,1307,Game Producer (m/w),AT22,Steiermark,2025,57.0,False
303,1307,Game Producer (m/w),AT31,Oberösterreich,2020,80.0,False
303,1307,Game Producer (m/w),AT31,Oberösterreich,2021,131.0,False
303,1307,Game Producer (m/w),AT31,Oberösterreich,2022,214.0,False
303,1307,Game Producer (m/w),AT31,Oberösterreich,2023,113.0,False
303,1307,Game Producer (m/w),AT31,Oberösterreich,2024,52.0,False
303,1307,Game Producer (m/w),AT31,Oberösterreich,2025,62.0,False
303,1307,Game Producer (m/w),AT32,Salzburg,2020,65.0,False
303,1307,Game Producer (m/w),AT32,Salzburg,2021,76.0,False
303,1307,Game Producer (m/w),AT32,Salzburg,2022,91.0,False
303,1307,Game Producer (m/w),AT32,Salzburg,2023,43.0,False
303,1307,Game Producer (m/w),AT32,Salzburg,2024,47.0,False
303,1307,Game Producer (m/w),AT32,Salzburg,2025,28.0,False
303,1307,Game Producer (m/w),AT33,Tirol,2020,29.0,False
303,1307,Game Producer (m/w),AT33,Tirol,2021,48.0,False
303,1307,Game Producer (m/w),AT33,Tirol,2022,64.0,False
303,1307,Game Producer (m/w),AT33,Tirol,2023,48.0,False
303,1307,Game Producer (m/w),AT33,Tirol,2024,25.0,False
303,1307,Game Producer (m/w),AT33,Tirol,2025,,True
303,1307,Game Producer (m/w),AT34,Vorarlberg,2020,36.0,False
303,1307,Game Producer (m/w),AT34,Vorarlberg,2021,54.0,False
303,1307,Game Producer (m/w),AT34,Vorarlberg,2022,52.0,False
303,1307,Game Producer (m/w),AT34,Vorarlberg,2023,44.0,False
303,1307,Game Producer (m/w),AT34,Vorarlberg,2024,24.0,False
303,1307,Game Producer (m/w),AT34,Vorarlberg,2025,,True
303,425,InformatikerIn,AT,Österreich,2020,2498.0,False
303,425,InformatikerIn,AT,Österreich,2021,2472.0,False
303,425,InformatikerIn,AT,Österreich,2022,2554.0,False
303,425,InformatikerIn,AT,Österreich,2023,1909.0,False
303,425,InformatikerIn,AT,Österreich,2024,1587.0,False
303,425,InformatikerIn,AT,Österreich,2025,1518.0,False
303,425,InformatikerIn,AT11,Burgenland,2020,,True
303,425,InformatikerIn,AT11,Burgenland,2021,,True
303,425,InformatikerIn,AT11,Burgenland,2022,,True
303,425,InformatikerIn,AT11,Burgenland,2023,,True
303,425,InformatikerIn,AT11,Burgenland,2024,,True
303,425,InformatikerIn,AT11,Burgenland,2025,,True
303,425,InformatikerIn,AT12,Niederösterreich,2020,134.0,False
303,425,InformatikerIn,AT12,Niederösterreich,2021,169.0,False
303,425,InformatikerIn,AT12,Niederösterreich,2022,227.0,False
303,425,InformatikerIn,AT12,Niederösterreich,2023,146.0,False
303,425,InformatikerIn,AT12,Niederösterreich,2024,141.0,False
303,425,InformatikerIn,AT12,Niederösterreich,2025,154.0,False
303,425,InformatikerIn,AT13,Wien,2020,381.0,False
303,425,InformatikerIn,AT13,Wien,2021,586.0,False
303,425,InformatikerIn,AT13,Wien,2022,634.0,False
303,425,InformatikerIn,AT13,Wien,2023,627.0,False
303,425,InformatikerIn,AT13,Wien,2024,497.0,False
303,425,InformatikerIn,AT13,Wien,2025,419.0,False
303,425,InformatikerIn,AT21,Kärnten,2020,42.0,False
303,425,InformatikerIn,AT21,Kärnten,2021,84.0,False
303,425,InformatikerIn,AT21,Kärnten,2022,118.0,False
303,425,InformatikerIn,AT21,Kärnten,2023,59.0,False
303,425,InformatikerIn,AT21,Kärnten,2024,64.0,False
303,425,InformatikerIn,AT21,Kärnten,2025,77.0,False
303,425,InformatikerIn,AT22,Steiermark,2020,159.0,False
303,425,InformatikerIn,AT22,Steiermark,2021,257.0,False
303,425,InformatikerIn,AT22,Steiermark,2022,356.0,False
303,425,InformatikerIn,AT22,Steiermark,2023,226.0,False
303,425,InformatikerIn,AT22,Steiermark,2024,172.0,False
303,425,InformatikerIn,AT22,Steiermark,2025,207.0,False
303,425,InformatikerIn,AT31,Oberösterreich,2020,214.0,False
303,425,InformatikerIn,AT31,Oberösterreich,2021,294.0,False
303,425,InformatikerIn,AT31,Oberösterreich,2022,374.0,False
303,425,InformatikerIn,AT31,Oberösterreich,2023,330.0,False
303,425,InformatikerIn,AT31,Oberösterreich,2024,236.0,False
303,425,InformatikerIn,AT31,Oberösterreich,2025,265.0,False
303,425,InformatikerIn,AT32,Salzburg,2020,88.0,False
303,425,InformatikerIn,AT32,Salzburg,2021,121.0,False
303,425,InformatikerIn,AT32,Salzburg,2022,168.0,False
303,425,InformatikerIn,AT32,Salzburg,2023,121.0,False
303,425,InformatikerIn,AT32,Salzburg,2024,133.0,False
303,425,InformatikerIn,AT32,Salzburg,2025,113.0,False
303,425,InformatikerIn,AT33,Tirol,2020,99.0,False
303,425,InformatikerIn,AT33,Tirol,2021,155.0,False
303,425,InformatikerIn,AT33,Tirol,2022,190.0,False
303,425,InformatikerIn,AT33,Tirol,2023,118.0,False
303,425,InformatikerIn,AT33,Tirol,2024,119.0,False
303,425,InformatikerIn,AT33,Tirol,2025,102.0,False
303,425,InformatikerIn,AT34,Vorarlberg,2020,86.0,False
303,425,InformatikerIn,AT34,Vorarlberg,2021,90.0,False
303,425,InformatikerIn,AT34,Vorarlberg,2022,110.0,False
303,425,InformatikerIn,AT34,Vorarlberg,2023,72.0,False
303,425,InformatikerIn,AT34,Vorarlberg,2024,78.0,False
303,425,InformatikerIn,AT34,Vorarlberg,2025,60.0,False
303,622,SoftwareentwicklerIn,AT,Österreich,2020,42419.0,False
303,622,SoftwareentwicklerIn,AT,Österreich,2021,47316.0,False
303,622,SoftwareentwicklerIn,AT,Österreich,2022,59949.0,False
303,622,SoftwareentwicklerIn,AT,Österreich,2023,41906.0,False
303,622,SoftwareentwicklerIn,AT,Österreich,2024,27605.0,False
303,622,SoftwareentwicklerIn,AT,Österreich,2025,20948.0,False
303,622,SoftwareentwicklerIn,AT11,Burgenland,2020,155.0,False
303,622,SoftwareentwicklerIn,AT11,Burgenland,2021,217.0,False
303,622,SoftwareentwicklerIn,AT11,Burgenland,2022,381.0,False
303,622,SoftwareentwicklerIn,AT11,Burgenland,2023,284.0,False
303,622,SoftwareentwicklerIn,AT11,Burgenland,2024,182.0,False
303,622,SoftwareentwicklerIn,AT11,Burgenland,2025,126.0,False
303,622,SoftwareentwicklerIn,AT12,Niederösterreich,2020,2238.0,False
303,622,SoftwareentwicklerIn,AT12,Niederösterreich,2021,2993.0,False
303,622,SoftwareentwicklerIn,AT12,Niederösterreich,2022,3732.0,False
303,622,SoftwareentwicklerIn,AT12,Niederösterreich,2023,2327.0,False
303,622,SoftwareentwicklerIn,AT12,Niederösterreich,2024,1592.0,False
303,622,SoftwareentwicklerIn,AT12,Niederösterreich,2025,1226.0,False
303,622,SoftwareentwicklerIn,AT13,Wien,2020,9952.0,False
303,622,SoftwareentwicklerIn,AT13,Wien,2021,12923.0,False
303,622,SoftwareentwicklerIn,AT13,Wien,2022,18974.0,False
303,622,SoftwareentwicklerIn,AT13,Wien,2023,14789.0,False
303,622,SoftwareentwicklerIn,AT13,Wien,2024,9257.0,False
303,622,SoftwareentwicklerIn,AT13,Wien,2025,7413.0,False
303,622,SoftwareentwicklerIn,AT21,Kärnten,2020,883.0,False
303,622,SoftwareentwicklerIn,AT21,Kärnten,2021,1261.0,False
303,622,SoftwareentwicklerIn,AT21,Kärnten,2022,1932.0,False
303,622,SoftwareentwicklerIn,AT21,Kärnten,2023,1469.0,False
303,622,SoftwareentwicklerIn,AT21,Kärnten,2024,1051.0,False
303,622,SoftwareentwicklerIn,AT21,Kärnten,2025,835.0,False
303,622,SoftwareentwicklerIn,AT22,Steiermark,2020,4772.0,False
303,622,SoftwareentwicklerIn,AT22,Steiermark,2021,5793.0,False
303,622,SoftwareentwicklerIn,AT22,Steiermark,2022,7131.0,False
303,622,SoftwareentwicklerIn,AT22,Steiermark,2023,5360.0,False
303,622,SoftwareentwicklerIn,AT22,Steiermark,2024,3776.0,False
303,622,SoftwareentwicklerIn,AT22,Steiermark,2025,3077.0,False
303,622,SoftwareentwicklerIn,AT31,Oberösterreich,2020,6036.0,False
303,622,SoftwareentwicklerIn,AT31,Oberösterreich,2021,7584.0,False
303,622,SoftwareentwicklerIn,AT31,Oberösterreich,2022,10566.0,False
303,622,SoftwareentwicklerIn,AT31,Oberösterreich,2023,7659.0,False
303,622,SoftwareentwicklerIn,AT31,Oberösterreich,2024,5028.0,False
303,622,SoftwareentwicklerIn,AT31,Oberösterreich,2025,3795.0,False
303,622,SoftwareentwicklerIn,AT32,Salzburg,2020,2169.0,False
303,622,SoftwareentwicklerIn,AT32,Salzburg,2021,2687.0,False
303,622,SoftwareentwicklerIn,AT32,Salzburg,2022,5673.0,False
303,622,SoftwareentwicklerIn,AT32,Salzburg,2023,3172.0,False
303,622,SoftwareentwicklerIn,AT32,Salzburg,2024,1769.0,False
303,622,SoftwareentwicklerIn,AT32,Salzburg,2025,1326.0,False
303,622,SoftwareentwicklerIn,AT33,Tirol,2020,1403.0,False
303,622,SoftwareentwicklerIn,AT33,Tirol,2021,1955.0,False
303,622,SoftwareentwicklerIn,AT33,Tirol,2022,2474.0,False
303,622,SoftwareentwicklerIn,AT33,Tirol,2023,1852.0,False
303,622,SoftwareentwicklerIn,AT33,Tirol,2024,1550.0,False
303,622,SoftwareentwicklerIn,AT33,Tirol,2025,999.0,False
303,622,SoftwareentwicklerIn,AT34,Vorarlberg,2020,1221.0,False
303,622,SoftwareentwicklerIn,AT34,Vorarlberg,2021,1582.0,False
303,622,SoftwareentwicklerIn,AT34,Vorarlberg,2022,2042.0,False
303,622,SoftwareentwicklerIn,AT34,Vorarlberg,2023,1590.0,False
303,622,SoftwareentwicklerIn,AT34,Vorarlberg,2024,1133.0,False
303,622,SoftwareentwicklerIn,AT34,Vorarlberg,2025,781.0,False
303,686,WebmasterIn,AT,Österreich,2020,371.0,False
303,686,WebmasterIn,AT,Österreich,2021,492.0,False
303,686,WebmasterIn,AT,Österreich,2022,422.0,False
303,686,WebmasterIn,AT,Österreich,2023,174.0,False
303,686,WebmasterIn,AT,Österreich,2024,141.0,False
303,686,WebmasterIn,AT,Österreich,2025,121.0,False
303,686,WebmasterIn,AT11,Burgenland,2020,,True
303,686,WebmasterIn,AT11,Burgenland,2021,,True
303,686,WebmasterIn,AT11,Burgenland,2022,,True
303,686,WebmasterIn,AT11,Burgenland,2023,,True
303,686,WebmasterIn,AT11,Burgenland,2024,,True
303,686,WebmasterIn,AT11,Burgenland,2025,,True
303,686,WebmasterIn,AT12,Niederösterreich,2020,,True
303,686,WebmasterIn,AT12,Niederösterreich,2021,22.0,False
303,686,WebmasterIn,AT12,Niederösterreich,2022,34.0,False
303,686,WebmasterIn,AT12,Niederösterreich,2023,,True
303,686,WebmasterIn,AT12,Niederösterreich,2024,,True
303,686,WebmasterIn,AT12,Niederösterreich,2025,,True
303,686,WebmasterIn,AT13,Wien,2020,100.0,False
303,686,WebmasterIn,AT13,Wien,2021,174.0,False
303,686,WebmasterIn,AT13,Wien,2022,123.0,False
303,686,WebmasterIn,AT13,Wien,2023,67.0,False
303,686,WebmasterIn,AT13,Wien,2024,48.0,False
303,686,WebmasterIn,AT13,Wien,2025,30.0,False
303,686,WebmasterIn,AT21,Kärnten,2020,,True
303,686,WebmasterIn,AT21,Kärnten,2021,,True
303,686,WebmasterIn,AT21,Kärnten,2022,,True
303,686,WebmasterIn,AT21,Kärnten,2023,,True
303,686,WebmasterIn,AT21,Kärnten,2024,,True
303,686,WebmasterIn,AT21,Kärnten,2025,,True
303,686,WebmasterIn,AT22,Steiermark,2020,21.0,False
303,686,WebmasterIn,AT22,Steiermark,2021,43.0,False
303,686,WebmasterIn,AT22,Steiermark,2022,42.0,False
303,686,WebmasterIn,AT22,Steiermark,2023,29.0,False
303,686,WebmasterIn,AT22,Steiermark,2024,,True
303,686,WebmasterIn,AT22,Steiermark,2025,28.0,False
303,686,WebmasterIn,AT31,Oberösterreich,2020,39.0,False
303,686,WebmasterIn,AT31,Oberösterreich,2021,60.0,False
303,686,WebmasterIn,AT31,Oberösterreich,2022,74.0,False
303,686,WebmasterIn,AT31,Oberösterreich,2023,29.0,False
303,686,WebmasterIn,AT31,Oberösterreich,2024,25.0,False
303,686,WebmasterIn,AT31,Oberösterreich,2025,,True
303,686,WebmasterIn,AT32,Salzburg,2020,28.0,False
303,686,WebmasterIn,AT32,Salzburg,2021,31.0,False
303,686,WebmasterIn,AT32,Salzburg,2022,34.0,False
303,686,WebmasterIn,AT32,Salzburg,2023,,True
303,686,WebmasterIn,AT32,Salzburg,2024,,True
303,686,WebmasterIn,AT32,Salzburg,2025,,True
303,686,WebmasterIn,AT33,Tirol,2020,26.0,False
303,686,WebmasterIn,AT33,Tirol,2021,36.0,False
303,686,WebmasterIn,AT33,Tirol,2022,38.0,False
303,686,WebmasterIn,AT33,Tirol,2023,,True
303,686,WebmasterIn,AT33,Tirol,2024,,True
303,686,WebmasterIn,AT33,Tirol,2025,,True
303,686,WebmasterIn,AT34,Vorarlberg,2020,,True
303,686,WebmasterIn,AT34,Vorarlberg,2021,21.0,False
303,686,WebmasterIn,AT34,Vorarlberg,2022,,True
303,686,WebmasterIn,AT34,Vorarlberg,2023,,True
303,686,WebmasterIn,AT34,Vorarlberg,2024,,True
303,686,WebmasterIn,AT34,Vorarlberg,2025,,True
308,853,BaumarktverkäuferIn,AT,Österreich,2020,1044.0,False
308,853,BaumarktverkäuferIn,AT,Österreich,2021,1022.0,False
308,853,BaumarktverkäuferIn,AT,Österreich,2022,1023.0,False
308,853,BaumarktverkäuferIn,AT,Österreich,2023,986.0,False
308,853,BaumarktverkäuferIn,AT,Österreich,2024,1170.0,False
308,853,BaumarktverkäuferIn,AT,Österreich,2025,1355.0,False
308,853,BaumarktverkäuferIn,AT11,Burgenland,2020,,True
308,853,BaumarktverkäuferIn,AT11,Burgenland,2021,22.0,False
308,853,BaumarktverkäuferIn,AT11,Burgenland,2022,22.0,False
308,853,BaumarktverkäuferIn,AT11,Burgenland,2023,,True
308,853,BaumarktverkäuferIn,AT11,Burgenland,2024,,True
308,853,BaumarktverkäuferIn,AT11,Burgenland,2025,36.0,False
308,853,BaumarktverkäuferIn,AT12,Niederösterreich,2020,254.0,False
308,853,BaumarktverkäuferIn,AT12,Niederösterreich,2021,208.0,False
308,853,BaumarktverkäuferIn,AT12,Niederösterreich,2022,219.0,False
308,853,BaumarktverkäuferIn,AT12,Niederösterreich,2023,236.0,False
308,853,BaumarktverkäuferIn,AT12,Niederösterreich,2024,301.0,False
308,853,BaumarktverkäuferIn,AT12,Niederösterreich,2025,374.0,False
308,853,BaumarktverkäuferIn,AT13,Wien,2020,70.0,False
308,853,BaumarktverkäuferIn,AT13,Wien,2021,78.0,False
308,853,BaumarktverkäuferIn,AT13,Wien,2022,64.0,False
308,853,BaumarktverkäuferIn,AT13,Wien,2023,84.0,False
308,853,BaumarktverkäuferIn,AT13,Wien,2024,94.0,False
308,853,BaumarktverkäuferIn,AT13,Wien,2025,82.0,False
308,853,BaumarktverkäuferIn,AT21,Kärnten,2020,64.0,False
308,853,BaumarktverkäuferIn,AT21,Kärnten,2021,73.0,False
308,853,BaumarktverkäuferIn,AT21,Kärnten,2022,75.0,False
308,853,BaumarktverkäuferIn,AT21,Kärnten,2023,68.0,False
308,853,BaumarktverkäuferIn,AT21,Kärnten,2024,72.0,False
308,853,BaumarktverkäuferIn,AT21,Kärnten,2025,80.0,False
308,853,BaumarktverkäuferIn,AT22,Steiermark,2020,126.0,False
308,853,BaumarktverkäuferIn,AT22,Steiermark,2021,153.0,False
308,853,BaumarktverkäuferIn,AT22,Steiermark,2022,187.0,False
308,853,BaumarktverkäuferIn,AT22,Steiermark,2023,129.0,False
308,853,BaumarktverkäuferIn,AT22,Steiermark,2024,176.0,False
308,853,BaumarktverkäuferIn,AT22,Steiermark,2025,227.0,False
308,853,BaumarktverkäuferIn,AT31,Oberösterreich,2020,259.0,False
308,853,BaumarktverkäuferIn,AT31,Oberösterreich,2021,173.0,False
308,853,BaumarktverkäuferIn,AT31,Oberösterreich,2022,157.0,False
308,853,BaumarktverkäuferIn,AT31,Oberösterreich,2023,197.0,False
308,853,BaumarktverkäuferIn,AT31,Oberösterreich,2024,235.0,False
308,853,BaumarktverkäuferIn,AT31,Oberösterreich,2025,218.0,False
308,853,BaumarktverkäuferIn,AT32,Salzburg,2020,70.0,False
308,853,BaumarktverkäuferIn,AT32,Salzburg,2021,77.0,False
308,853,BaumarktverkäuferIn,AT32,Salzburg,2022,80.0,False
308,853,BaumarktverkäuferIn,AT32,Salzburg,2023,69.0,False
308,853,BaumarktverkäuferIn,AT32,Salzburg,2024,108.0,False
308,853,BaumarktverkäuferIn,AT32,Salzburg,2025,107.0,False
308,853,BaumarktverkäuferIn,AT33,Tirol,2020,86.0,False
308,853,BaumarktverkäuferIn,AT33,Tirol,2021,86.0,False
308,853,BaumarktverkäuferIn,AT33,Tirol,2022,110.0,False
308,853,BaumarktverkäuferIn,AT33,Tirol,2023,109.0,False
308,853,BaumarktverkäuferIn,AT33,Tirol,2024,111.0,False
308,853,BaumarktverkäuferIn,AT33,Tirol,2025,133.0,False
308,853,BaumarktverkäuferIn,AT34,Vorarlberg,2020,41.0,False
308,853,BaumarktverkäuferIn,AT34,Vorarlberg,2021,51.0,False
308,853,BaumarktverkäuferIn,AT34,Vorarlberg,2022,50.0,False
308,853,BaumarktverkäuferIn,AT34,Vorarlberg,2023,28.0,False
308,853,BaumarktverkäuferIn,AT34,Vorarlberg,2024,25.0,False
308,853,BaumarktverkäuferIn,AT34,Vorarlberg,2025,49.0,False
308,1282,E-Commerce-ManagerIn,AT,Österreich,2020,1614.0,False
308,1282,E-Commerce-ManagerIn,AT,Österreich,2021,2472.0,False
308,1282,E-Commerce-ManagerIn,AT,Österreich,2022,3037.0,False
308,1282,E-Commerce-ManagerIn,AT,Österreich,2023,1422.0,False
308,1282,E-Commerce-ManagerIn,AT,Österreich,2024,865.0,False
308,1282,E-Commerce-ManagerIn,AT,Österreich,2025,722.0,False
308,1282,E-Commerce-ManagerIn,AT11,Burgenland,2020,,True
308,1282,E-Commerce-ManagerIn,AT11,Burgenland,2021,,True
308,1282,E-Commerce-ManagerIn,AT11,Burgenland,2022,,True
308,1282,E-Commerce-ManagerIn,AT11,Burgenland,2023,,True
308,1282,E-Commerce-ManagerIn,AT11,Burgenland,2024,,True
308,1282,E-Commerce-ManagerIn,AT11,Burgenland,2025,,True
308,1282,E-Commerce-ManagerIn,AT12,Niederösterreich,2020,188.0,False
308,1282,E-Commerce-ManagerIn,AT12,Niederösterreich,2021,260.0,False
308,1282,E-Commerce-ManagerIn,AT12,Niederösterreich,2022,386.0,False
308,1282,E-Commerce-ManagerIn,AT12,Niederösterreich,2023,119.0,False
308,1282,E-Commerce-ManagerIn,AT12,Niederösterreich,2024,73.0,False
308,1282,E-Commerce-ManagerIn,AT12,Niederösterreich,2025,69.0,False
308,1282,E-Commerce-ManagerIn,AT13,Wien,2020,268.0,False
308,1282,E-Commerce-ManagerIn,AT13,Wien,2021,450.0,False
308,1282,E-Commerce-ManagerIn,AT13,Wien,2022,614.0,False
308,1282,E-Commerce-ManagerIn,AT13,Wien,2023,386.0,False
308,1282,E-Commerce-ManagerIn,AT13,Wien,2024,275.0,False
308,1282,E-Commerce-ManagerIn,AT13,Wien,2025,181.0,False
308,1282,E-Commerce-ManagerIn,AT21,Kärnten,2020,63.0,False
308,1282,E-Commerce-ManagerIn,AT21,Kärnten,2021,108.0,False
308,1282,E-Commerce-ManagerIn,AT21,Kärnten,2022,125.0,False
308,1282,E-Commerce-ManagerIn,AT21,Kärnten,2023,51.0,False
308,1282,E-Commerce-ManagerIn,AT21,Kärnten,2024,24.0,False
308,1282,E-Commerce-ManagerIn,AT21,Kärnten,2025,27.0,False
308,1282,E-Commerce-ManagerIn,AT22,Steiermark,2020,143.0,False
308,1282,E-Commerce-ManagerIn,AT22,Steiermark,2021,248.0,False
308,1282,E-Commerce-ManagerIn,AT22,Steiermark,2022,291.0,False
308,1282,E-Commerce-ManagerIn,AT22,Steiermark,2023,87.0,False
308,1282,E-Commerce-ManagerIn,AT22,Steiermark,2024,62.0,False
308,1282,E-Commerce-ManagerIn,AT22,Steiermark,2025,62.0,False
308,1282,E-Commerce-ManagerIn,AT31,Oberösterreich,2020,269.0,False
308,1282,E-Commerce-ManagerIn,AT31,Oberösterreich,2021,503.0,False
308,1282,E-Commerce-ManagerIn,AT31,Oberösterreich,2022,713.0,False
308,1282,E-Commerce-ManagerIn,AT31,Oberösterreich,2023,324.0,False
308,1282,E-Commerce-ManagerIn,AT31,Oberösterreich,2024,168.0,False
308,1282,E-Commerce-ManagerIn,AT31,Oberösterreich,2025,168.0,False
308,1282,E-Commerce-ManagerIn,AT32,Salzburg,2020,148.0,False
308,1282,E-Commerce-ManagerIn,AT32,Salzburg,2021,277.0,False
308,1282,E-Commerce-ManagerIn,AT32,Salzburg,2022,282.0,False
308,1282,E-Commerce-ManagerIn,AT32,Salzburg,2023,169.0,False
308,1282,E-Commerce-ManagerIn,AT32,Salzburg,2024,77.0,False
308,1282,E-Commerce-ManagerIn,AT32,Salzburg,2025,60.0,False
308,1282,E-Commerce-ManagerIn,AT33,Tirol,2020,97.0,False
308,1282,E-Commerce-ManagerIn,AT33,Tirol,2021,123.0,False
308,1282,E-Commerce-ManagerIn,AT33,Tirol,2022,184.0,False
308,1282,E-Commerce-ManagerIn,AT33,Tirol,2023,115.0,False
308,1282,E-Commerce-ManagerIn,AT33,Tirol,2024,75.0,False
308,1282,E-Commerce-ManagerIn,AT33,Tirol,2025,62.0,False
308,1282,E-Commerce-ManagerIn,AT34,Vorarlberg,2020,71.0,False
308,1282,E-Commerce-ManagerIn,AT34,Vorarlberg,2021,99.0,False
308,1282,E-Commerce-ManagerIn,AT34,Vorarlberg,2022,156.0,False
308,1282,E-Commerce-ManagerIn,AT34,Vorarlberg,2023,51.0,False
308,1282,E-Commerce-ManagerIn,AT34,Vorarlberg,2024,24.0,False
308,1282,E-Commerce-ManagerIn,AT34,Vorarlberg,2025,,True
328,1213,WebdesignerIn,AT,Österreich,2020,1528.0,False
328,1213,WebdesignerIn,AT,Österreich,2021,1869.0,False
328,1213,WebdesignerIn,AT,Österreich,2022,2114.0,False
328,1213,WebdesignerIn,AT,Österreich,2023,1277.0,False
328,1213,WebdesignerIn,AT,Österreich,2024,895.0,False
328,1213,WebdesignerIn,AT,Österreich,2025,737.0,False
328,1213,WebdesignerIn,AT11,Burgenland,2020,,True
328,1213,WebdesignerIn,AT11,Burgenland,2021,,True
328,1213,WebdesignerIn,AT11,Burgenland,2022,,True
328,1213,WebdesignerIn,AT11,Burgenland,2023,,True
328,1213,WebdesignerIn,AT11,Burgenland,2024,,True
328,1213,WebdesignerIn,AT11,Burgenland,2025,,True
328,1213,WebdesignerIn,AT12,Niederösterreich,2020,67.0,False
328,1213,WebdesignerIn,AT12,Niederösterreich,2021,97.0,False
328,1213,WebdesignerIn,AT12,Niederösterreich,2022,143.0,False
328,1213,WebdesignerIn,AT12,Niederösterreich,2023,51.0,False
328,1213,WebdesignerIn,AT12,Niederösterreich,2024,48.0,False
328,1213,WebdesignerIn,AT12,Niederösterreich,2025,35.0,False
328,1213,WebdesignerIn,AT13,Wien,2020,418.0,False
328,1213,WebdesignerIn,AT13,Wien,2021,553.0,False
328,1213,WebdesignerIn,AT13,Wien,2022,743.0,False
328,1213,WebdesignerIn,AT13,Wien,2023,522.0,False
328,1213,WebdesignerIn,AT13,Wien,2024,311.0,False
328,1213,WebdesignerIn,AT13,Wien,2025,248.0,False
328,1213,WebdesignerIn,AT21,Kärnten,2020,36.0,False
328,1213,WebdesignerIn,AT21,Kärnten,2021,44.0,False
328,1213,WebdesignerIn,AT21,Kärnten,2022,63.0,False
328,1213,WebdesignerIn,AT21,Kärnten,2023,29.0,False
328,1213,WebdesignerIn,AT21,Kärnten,2024,32.0,False
328,1213,WebdesignerIn,AT21,Kärnten,2025,21.0,False
328,1213,WebdesignerIn,AT22,Steiermark,2020,111.0,False
328,1213,WebdesignerIn,AT22,Steiermark,2021,153.0,False
328,1213,WebdesignerIn,AT22,Steiermark,2022,152.0,False
328,1213,WebdesignerIn,AT22,Steiermark,2023,93.0,False
328,1213,WebdesignerIn,AT22,Steiermark,2024,92.0,False
328,1213,WebdesignerIn,AT22,Steiermark,2025,75.0,False
328,1213,WebdesignerIn,AT31,Oberösterreich,2020,244.0,False
328,1213,WebdesignerIn,AT31,Oberösterreich,2021,313.0,False
328,1213,WebdesignerIn,AT31,Oberösterreich,2022,331.0,False
328,1213,WebdesignerIn,AT31,Oberösterreich,2023,212.0,False
328,1213,WebdesignerIn,AT31,Oberösterreich,2024,137.0,False
328,1213,WebdesignerIn,AT31,Oberösterreich,2025,133.0,False
328,1213,WebdesignerIn,AT32,Salzburg,2020,77.0,False
328,1213,WebdesignerIn,AT32,Salzburg,2021,146.0,False
328,1213,WebdesignerIn,AT32,Salzburg,2022,204.0,False
328,1213,WebdesignerIn,AT32,Salzburg,2023,126.0,False
328,1213,WebdesignerIn,AT32,Salzburg,2024,88.0,False
328,1213,WebdesignerIn,AT32,Salzburg,2025,64.0,False
328,1213,WebdesignerIn,AT33,Tirol,2020,72.0,False
328,1213,WebdesignerIn,AT33,Tirol,2021,89.0,False
328,1213,WebdesignerIn,AT33,Tirol,2022,118.0,False
328,1213,WebdesignerIn,AT33,Tirol,2023,71.0,False
328,1213,WebdesignerIn,AT33,Tirol,2024,49.0,False
328,1213,WebdesignerIn,AT33,Tirol,2025,59.0,False
328,1213,WebdesignerIn,AT34,Vorarlberg,2020,45.0,False
328,1213,WebdesignerIn,AT34,Vorarlberg,2021,61.0,False
328,1213,WebdesignerIn,AT34,Vorarlberg,2022,87.0,False
328,1213,WebdesignerIn,AT34,Vorarlberg,2023,35.0,False
328,1213,WebdesignerIn,AT34,Vorarlberg,2024,57.0,False
328,1213,WebdesignerIn,AT34,Vorarlberg,2025,22.0,False
328,675,WebentwicklerIn,AT,Österreich,2020,6003.0,False
328,675,WebentwicklerIn,AT,Österreich,2021,6149.0,False
328,675,WebentwicklerIn,AT,Österreich,2022,5327.0,False
328,675,WebentwicklerIn,AT,Österreich,2023,3272.0,False
328,675,WebentwicklerIn,AT,Österreich,2024,2164.0,False
328,675,WebentwicklerIn,AT,Österreich,2025,1587.0,False
328,675,WebentwicklerIn,AT11,Burgenland,2020,25.0,False
328,675,WebentwicklerIn,AT11,Burgenland,2021,24.0,False
328,675,WebentwicklerIn,AT11,Burgenland,2022,41.0,False
328,675,WebentwicklerIn,AT11,Burgenland,2023,25.0,False
328,675,WebentwicklerIn,AT11,Burgenland,2024,,True
328,675,WebentwicklerIn,AT11,Burgenland,2025,,True
328,675,WebentwicklerIn,AT12,Niederösterreich,2020,313.0,False
328,675,WebentwicklerIn,AT12,Niederösterreich,2021,321.0,False
328,675,WebentwicklerIn,AT12,Niederösterreich,2022,242.0,False
328,675,WebentwicklerIn,AT12,Niederösterreich,2023,163.0,False
328,675,WebentwicklerIn,AT12,Niederösterreich,2024,108.0,False
328,675,WebentwicklerIn,AT12,Niederösterreich,2025,93.0,False
328,675,WebentwicklerIn,AT13,Wien,2020,1678.0,False
328,675,WebentwicklerIn,AT13,Wien,2021,1905.0,False
328,675,WebentwicklerIn,AT13,Wien,2022,1665.0,False
328,675,WebentwicklerIn,AT13,Wien,2023,1156.0,False
328,675,WebentwicklerIn,AT13,Wien,2024,779.0,False
328,675,WebentwicklerIn,AT13,Wien,2025,602.0,False
328,675,WebentwicklerIn,AT21,Kärnten,2020,134.0,False
328,675,WebentwicklerIn,AT21,Kärnten,2021,185.0,False
328,675,WebentwicklerIn,AT21,Kärnten,2022,147.0,False
328,675,WebentwicklerIn,AT21,Kärnten,2023,87.0,False
328,675,WebentwicklerIn,AT21,Kärnten,2024,60.0,False
328,675,WebentwicklerIn,AT21,Kärnten,2025,59.0,False
328,675,WebentwicklerIn,AT22,Steiermark,2020,508.0,False
328,675,WebentwicklerIn,AT22,Steiermark,2021,564.0,False
328,675,WebentwicklerIn,AT22,Steiermark,2022,601.0,False
328,675,WebentwicklerIn,AT22,Steiermark,2023,329.0,False
328,675,WebentwicklerIn,AT22,Steiermark,2024,253.0,False
328,675,WebentwicklerIn,AT22,Steiermark,2025,195.0,False
328,675,WebentwicklerIn,AT31,Oberösterreich,2020,958.0,False
328,675,WebentwicklerIn,AT31,Oberösterreich,2021,994.0,False
328,675,WebentwicklerIn,AT31,Oberösterreich,2022,962.0,False
328,675,WebentwicklerIn,AT31,Oberösterreich,2023,738.0,False
328,675,WebentwicklerIn,AT31,Oberösterreich,2024,402.0,False
328,675,WebentwicklerIn,AT31,Oberösterreich,2025,287.0,False
328,675,WebentwicklerIn,AT32,Salzburg,2020,307.0,False
328,675,WebentwicklerIn,AT32,Salzburg,2021,408.0,False
328,675,WebentwicklerIn,AT32,Salzburg,2022,591.0,False
328,675,WebentwicklerIn,AT32,Salzburg,2023,250.0,False
328,675,WebentwicklerIn,AT32,Salzburg,2024,160.0,False
328,675,WebentwicklerIn,AT32,Salzburg,2025,102.0,False
328,675,WebentwicklerIn,AT33,Tirol,2020,235.0,False
328,675,WebentwicklerIn,AT33,Tirol,2021,301.0,False
328,675,WebentwicklerIn,AT33,Tirol,2022,186.0,False
328,675,WebentwicklerIn,AT33,Tirol,2023,136.0,False
328,675,WebentwicklerIn,AT33,Tirol,2024,119.0,False
328,675,WebentwicklerIn,AT33,Tirol,2025,67.0,False
328,675,WebentwicklerIn,AT34,Vorarlberg,2020,239.0,False
328,675,WebentwicklerIn,AT34,Vorarlberg,2021,223.0,False
328,675,WebentwicklerIn,AT34,Vorarlberg,2022,258.0,False
328,675,WebentwicklerIn,AT34,Vorarlberg,2023,115.0,False
328,675,WebentwicklerIn,AT34,Vorarlberg,2024,77.0,False
328,675,WebentwicklerIn,AT34,Vorarlberg,2025,59.0,False
334,226,BiomedizinischeR AnalytikerIn,AT,Österreich,2020,1024.0,False
334,226,BiomedizinischeR AnalytikerIn,AT,Österreich,2021,1365.0,False
334,226,BiomedizinischeR AnalytikerIn,AT,Österreich,2022,1725.0,False
334,226,BiomedizinischeR AnalytikerIn,AT,Österreich,2023,1347.0,False
334,226,BiomedizinischeR AnalytikerIn,AT,Österreich,2024,1204.0,False
334,226,BiomedizinischeR AnalytikerIn,AT,Österreich,2025,1151.0,False
334,226,BiomedizinischeR AnalytikerIn,AT11,Burgenland,2020,,True
334,226,BiomedizinischeR AnalytikerIn,AT11,Burgenland,2021,,True
334,226,BiomedizinischeR AnalytikerIn,AT11,Burgenland,2022,28.0,False
334,226,BiomedizinischeR AnalytikerIn,AT11,Burgenland,2023,21.0,False
334,226,BiomedizinischeR AnalytikerIn,AT11,Burgenland,2024,29.0,False
334,226,BiomedizinischeR AnalytikerIn,AT11,Burgenland,2025,25.0,False
334,226,BiomedizinischeR AnalytikerIn,AT12,Niederösterreich,2020,67.0,False
334,226,BiomedizinischeR AnalytikerIn,AT12,Niederösterreich,2021,142.0,False
334,226,BiomedizinischeR AnalytikerIn,AT12,Niederösterreich,2022,154.0,False
334,226,BiomedizinischeR AnalytikerIn,AT12,Niederösterreich,2023,152.0,False
334,226,BiomedizinischeR AnalytikerIn,AT12,Niederösterreich,2024,121.0,False
334,226,BiomedizinischeR AnalytikerIn,AT12,Niederösterreich,2025,137.0,False
334,226,BiomedizinischeR AnalytikerIn,AT13,Wien,2020,235.0,False
334,226,BiomedizinischeR AnalytikerIn,AT13,Wien,2021,357.0,False
334,226,BiomedizinischeR AnalytikerIn,AT13,Wien,2022,528.0,False
334,226,BiomedizinischeR AnalytikerIn,AT13,Wien,2023,422.0,False
334,226,BiomedizinischeR AnalytikerIn,AT13,Wien,2024,328.0,False
334,226,BiomedizinischeR AnalytikerIn,AT13,Wien,2025,340.0,False
334,226,BiomedizinischeR AnalytikerIn,AT21,Kärnten,2020,28.0,False
334,226,BiomedizinischeR AnalytikerIn,AT21,Kärnten,2021,27.0,False
334,226,BiomedizinischeR AnalytikerIn,AT21,Kärnten,2022,57.0,False
334,226,BiomedizinischeR AnalytikerIn,AT21,Kärnten,2023,52.0,False
334,226,BiomedizinischeR AnalytikerIn,AT21,Kärnten,2024,38.0,False
334,226,BiomedizinischeR AnalytikerIn,AT21,Kärnten,2025,47.0,False
334,226,BiomedizinischeR AnalytikerIn,AT22,Steiermark,2020,95.0,False
334,226,BiomedizinischeR AnalytikerIn,AT22,Steiermark,2021,130.0,False
334,226,BiomedizinischeR AnalytikerIn,AT22,Steiermark,2022,180.0,False
334,226,BiomedizinischeR AnalytikerIn,AT22,Steiermark,2023,126.0,False
334,226,BiomedizinischeR AnalytikerIn,AT22,Steiermark,2024,127.0,False
334,226,BiomedizinischeR AnalytikerIn,AT22,Steiermark,2025,100.0,False
334,226,BiomedizinischeR AnalytikerIn,AT31,Oberösterreich,2020,87.0,False
334,226,BiomedizinischeR AnalytikerIn,AT31,Oberösterreich,2021,180.0,False
334,226,BiomedizinischeR AnalytikerIn,AT31,Oberösterreich,2022,323.0,False
334,226,BiomedizinischeR AnalytikerIn,AT31,Oberösterreich,2023,229.0,False
334,226,BiomedizinischeR AnalytikerIn,AT31,Oberösterreich,2024,174.0,False
334,226,BiomedizinischeR AnalytikerIn,AT31,Oberösterreich,2025,182.0,False
334,226,BiomedizinischeR AnalytikerIn,AT32,Salzburg,2020,59.0,False
334,226,BiomedizinischeR AnalytikerIn,AT32,Salzburg,2021,112.0,False
334,226,BiomedizinischeR AnalytikerIn,AT32,Salzburg,2022,111.0,False
334,226,BiomedizinischeR AnalytikerIn,AT32,Salzburg,2023,61.0,False
334,226,BiomedizinischeR AnalytikerIn,AT32,Salzburg,2024,72.0,False
334,226,BiomedizinischeR AnalytikerIn,AT32,Salzburg,2025,73.0,False
334,226,BiomedizinischeR AnalytikerIn,AT33,Tirol,2020,92.0,False
334,226,BiomedizinischeR AnalytikerIn,AT33,Tirol,2021,87.0,False
334,226,BiomedizinischeR AnalytikerIn,AT33,Tirol,2022,93.0,False
334,226,BiomedizinischeR AnalytikerIn,AT33,Tirol,2023,64.0,False
334,226,BiomedizinischeR AnalytikerIn,AT33,Tirol,2024,78.0,False
334,226,BiomedizinischeR AnalytikerIn,AT33,Tirol,2025,92.0,False
334,226,BiomedizinischeR AnalytikerIn,AT34,Vorarlberg,2020,32.0,False
334,226,BiomedizinischeR AnalytikerIn,AT34,Vorarlberg,2021,38.0,False
334,226,BiomedizinischeR AnalytikerIn,AT34,Vorarlberg,2022,35.0,False
334,226,BiomedizinischeR AnalytikerIn,AT34,Vorarlberg,2023,24.0,False
334,226,BiomedizinischeR AnalytikerIn,AT34,Vorarlberg,2024,23.0,False
334,226,BiomedizinischeR AnalytikerIn,AT34,Vorarlberg,2025,21.0,False
